<?xml version="1.0" encoding="UTF-8"?>
<metadata xml:lang="ko"><Esri><CreaDate>20190115</CreaDate><CreaTime>18143700</CreaTime><ArcGISFormat>1.0</ArcGISFormat><SyncOnce>FALSE</SyncOnce><DataProperties><itemProps><itemName Sync="TRUE">mei_koem_sta_nemo_cd</itemName><imsContentType Sync="TRUE">002</imsContentType><itemSize Sync="TRUE">0.000</itemSize><itemLocation><linkage Sync="TRUE">file://\\DESKTOP-7HDAELQ\D$\00.PROJECT\02.해양환경통합\03.사업수행\3차 shp 전달\해양환경1\mei_koem_sta_nemo_cd.shp</linkage><protocol Sync="TRUE">Local Area Network</protocol></itemLocation></itemProps><coordRef><type Sync="TRUE">Geographic</type><geogcsn Sync="TRUE">GCS_WGS_1984</geogcsn><csUnits Sync="TRUE">Angular Unit: Degree (0.017453)</csUnits><peXml Sync="TRUE">&lt;GeographicCoordinateSystem xsi:type='typens:GeographicCoordinateSystem' xmlns:xsi='http://www.w3.org/2001/XMLSchema-instance' xmlns:xs='http://www.w3.org/2001/XMLSchema' xmlns:typens='http://www.esri.com/schemas/ArcGIS/10.1'&gt;&lt;WKT&gt;GEOGCS[&amp;quot;GCS_WGS_1984&amp;quot;,DATUM[&amp;quot;D_WGS_1984&amp;quot;,SPHEROID[&amp;quot;WGS_1984&amp;quot;,6378137.0,298.257223563]],PRIMEM[&amp;quot;Greenwich&amp;quot;,0.0],UNIT[&amp;quot;Degree&amp;quot;,0.0174532925199433],METADATA[&amp;quot;World&amp;quot;,-180.0,-90.0,180.0,90.0,0.0,0.0174532925199433,0.0,1262],AUTHORITY[&amp;quot;EPSG&amp;quot;,4326]]&lt;/WKT&gt;&lt;XOrigin&gt;-400&lt;/XOrigin&gt;&lt;YOrigin&gt;-400&lt;/YOrigin&gt;&lt;XYScale&gt;11258999068426.238&lt;/XYScale&gt;&lt;ZOrigin&gt;-100000&lt;/ZOrigin&gt;&lt;ZScale&gt;10000&lt;/ZScale&gt;&lt;MOrigin&gt;-100000&lt;/MOrigin&gt;&lt;MScale&gt;10000&lt;/MScale&gt;&lt;XYTolerance&gt;8.983152841195215e-009&lt;/XYTolerance&gt;&lt;ZTolerance&gt;0.001&lt;/ZTolerance&gt;&lt;MTolerance&gt;0.001&lt;/MTolerance&gt;&lt;HighPrecision&gt;true&lt;/HighPrecision&gt;&lt;LeftLongitude&gt;-180&lt;/LeftLongitude&gt;&lt;WKID&gt;4326&lt;/WKID&gt;&lt;LatestWKID&gt;4326&lt;/LatestWKID&gt;&lt;/GeographicCoordinateSystem&gt;</peXml></coordRef><lineage><Process ToolSource="c:\program files (x86)\arcgis\desktop10.1\ArcToolbox\Toolboxes\Conversion Tools.tbx\FeatureClassToFeatureClass" Date="20190115" Time="181438">FeatureClassToFeatureClass "D:\00.PROJECT\02.해양환경통합\03.사업수행\3차 shp 전달\해양환경\mei_koem_sta_nemo_cd.shp" "D:\00.PROJECT\02.해양환경통합\03.사업수행\3차 shp 전달\해양환경1" mei_koem_sta_nemo_cd.shp # "stnpnt_cod "stnpnt_cod" true true false 254 Text 0 0 ,First,#,D:\00.PROJECT\02.해양환경통합\03.사업수행\3차 shp 전달\해양환경\mei_koem_sta_nemo_cd.shp,stnpnt_cod,-1,-1;ocean_code "ocean_code" true true false 254 Text 0 0 ,First,#,D:\00.PROJECT\02.해양환경통합\03.사업수행\3차 shp 전달\해양환경\mei_koem_sta_nemo_cd.shp,ocean_code,-1,-1;beach_code "beach_code" true true false 254 Text 0 0 ,First,#,D:\00.PROJECT\02.해양환경통합\03.사업수행\3차 shp 전달\해양환경\mei_koem_sta_nemo_cd.shp,beach_code,-1,-1;lon "lon" true true false 16 Double 6 15 ,First,#,D:\00.PROJECT\02.해양환경통합\03.사업수행\3차 shp 전달\해양환경\mei_koem_sta_nemo_cd.shp,lon,-1,-1;lat "lat" true true false 16 Double 6 15 ,First,#,D:\00.PROJECT\02.해양환경통합\03.사업수행\3차 shp 전달\해양환경\mei_koem_sta_nemo_cd.shp,lat,-1,-1;new_obsr_i "new_obsr_i" true true false 254 Text 0 0 ,First,#,D:\00.PROJECT\02.해양환경통합\03.사업수행\3차 shp 전달\해양환경\mei_koem_sta_nemo_cd.shp,new_obsr_i,-1,-1" #</Process></lineage></DataProperties><SyncDate>20190115</SyncDate><SyncTime>18143700</SyncTime><ModDate>20190115</ModDate><ModTime>18143700</ModTime></Esri><dataIdInfo><envirDesc Sync="TRUE"> Version 6.2 (Build 9200) ; Esri ArcGIS 10.1.0.3035</envirDesc><dataLang><languageCode value="kor" Sync="TRUE"></languageCode><countryCode value="KOR" Sync="TRUE"></countryCode></dataLang><idCitation><resTitle Sync="TRUE">mei_koem_sta_nemo_cd</resTitle><presForm><PresFormCd value="005" Sync="TRUE"></PresFormCd></presForm></idCitation><spatRpType><SpatRepTypCd value="001" Sync="TRUE"></SpatRepTypCd></spatRpType></dataIdInfo><mdLang><languageCode value="kor" Sync="TRUE"></languageCode><countryCode value="KOR" Sync="TRUE"></countryCode></mdLang><mdChar><CharSetCd value="004" Sync="TRUE"></CharSetCd></mdChar><distInfo><distFormat><formatName Sync="TRUE">Shapefile</formatName></distFormat><distTranOps><transSize Sync="TRUE">0.000</transSize></distTranOps></distInfo><mdHrLv><ScopeCd value="005" Sync="TRUE"></ScopeCd></mdHrLv><mdHrLvName Sync="TRUE">dataset</mdHrLvName><refSysInfo><RefSystem><refSysID><identCode code="4326" Sync="TRUE"></identCode><idCodeSpace Sync="TRUE">EPSG</idCodeSpace><idVersion Sync="TRUE">7.9.4</idVersion></refSysID></RefSystem></refSysInfo><spatRepInfo><VectSpatRep><geometObjs Name="mei_koem_sta_nemo_cd"><geoObjTyp><GeoObjTypCd value="004" Sync="TRUE"></GeoObjTypCd></geoObjTyp><geoObjCnt Sync="TRUE">0</geoObjCnt></geometObjs><topLvl><TopoLevCd value="001" Sync="TRUE"></TopoLevCd></topLvl></VectSpatRep></spatRepInfo><spdoinfo><ptvctinf><esriterm Name="mei_koem_sta_nemo_cd"><efeatyp Sync="TRUE">Simple</efeatyp><efeageom code="1" Sync="TRUE"></efeageom><esritopo Sync="TRUE">FALSE</esritopo><efeacnt Sync="TRUE">0</efeacnt><spindex Sync="TRUE">FALSE</spindex><linrefer Sync="TRUE">FALSE</linrefer></esriterm></ptvctinf></spdoinfo><eainfo><detailed Name="mei_koem_sta_nemo_cd"><enttyp><enttypl Sync="TRUE">mei_koem_sta_nemo_cd</enttypl><enttypt Sync="TRUE">Feature Class</enttypt><enttypc Sync="TRUE">0</enttypc></enttyp><attr><attrlabl Sync="TRUE">FID</attrlabl><attalias Sync="TRUE">FID</attalias><attrtype Sync="TRUE">OID</attrtype><attwidth Sync="TRUE">4</attwidth><atprecis Sync="TRUE">0</atprecis><attscale Sync="TRUE">0</attscale><attrdef Sync="TRUE">Internal feature number.</attrdef><attrdefs Sync="TRUE">Esri</attrdefs><attrdomv><udom Sync="TRUE">Sequential unique whole numbers that are automatically generated.</udom></attrdomv></attr><attr><attrlabl Sync="TRUE">Shape</attrlabl><attalias Sync="TRUE">Shape</attalias><attrtype Sync="TRUE">Geometry</attrtype><attwidth Sync="TRUE">0</attwidth><atprecis Sync="TRUE">0</atprecis><attscale Sync="TRUE">0</attscale><attrdef Sync="TRUE">Feature geometry.</attrdef><attrdefs Sync="TRUE">Esri</attrdefs><attrdomv><udom Sync="TRUE">Coordinates defining the features.</udom></attrdomv></attr><attr><attrlabl Sync="TRUE">stnpnt_cod</attrlabl><attalias Sync="TRUE">stnpnt_cod</attalias><attrtype Sync="TRUE">String</attrtype><attwidth Sync="TRUE">254</attwidth><atprecis Sync="TRUE">0</atprecis><attscale Sync="TRUE">0</attscale></attr><attr><attrlabl Sync="TRUE">ocean_code</attrlabl><attalias Sync="TRUE">ocean_code</attalias><attrtype Sync="TRUE">String</attrtype><attwidth Sync="TRUE">254</attwidth><atprecis Sync="TRUE">0</atprecis><attscale Sync="TRUE">0</attscale></attr><attr><attrlabl Sync="TRUE">beach_code</attrlabl><attalias Sync="TRUE">beach_code</attalias><attrtype Sync="TRUE">String</attrtype><attwidth Sync="TRUE">254</attwidth><atprecis Sync="TRUE">0</atprecis><attscale Sync="TRUE">0</attscale></attr><attr><attrlabl Sync="TRUE">lon</attrlabl><attalias Sync="TRUE">lon</attalias><attrtype Sync="TRUE">Double</attrtype><attwidth Sync="TRUE">16</attwidth><atprecis Sync="TRUE">15</atprecis><attscale Sync="TRUE">6</attscale></attr><attr><attrlabl Sync="TRUE">lat</attrlabl><attalias Sync="TRUE">lat</attalias><attrtype Sync="TRUE">Double</attrtype><attwidth Sync="TRUE">16</attwidth><atprecis Sync="TRUE">15</atprecis><attscale Sync="TRUE">6</attscale></attr><attr><attrlabl Sync="TRUE">new_obsr_i</attrlabl><attalias Sync="TRUE">new_obsr_i</attalias><attrtype Sync="TRUE">String</attrtype><attwidth Sync="TRUE">254</attwidth><atprecis Sync="TRUE">0</atprecis><attscale Sync="TRUE">0</attscale></attr></detailed></eainfo><mdDateSt Sync="TRUE">20190115</mdDateSt></metadata>
