,일자,호수위(EL.m),해수위(EL.m),우량(mm),평균기온(°C),최저기온(°C),최고기온(°C),평균 풍속(m/s),전기전도도,수온,수소이온농도,용존산소량,탁도,일사량,기온,상대습도,풍속,풍향,강수량,염분,클로로필,화학적산소요구량,총질소,총인,암모니아질소,질산질소,인산성인,규산규소,남조류
0,2021-12-31,-2.33,0.78,0.0,-5.9,-10.5,-2.2,1.7,28.9,4.8,7.86,9.12,4,0.0,-2.2,0,0,0,0.0,32.8,0.52,1.36,0.368,0.046,0.09,0.26,0.034,0,0
1,2021-12-30,-1.71,1.76,0.0,-3.3,-9.1,0.7,1.4,29.29,5.3,7.87,9.02,2,0.0,0.2,0,0,0,0.0,32.78,0.21,1.05,0.421,0.045,0.114,0.259,0.034,0,0
2,2021-12-29,-1.24,2.19,1.0,0.2,-7.7,7.4,0.9,29.21,5.31,7.86,9.06,9,0.0,0.8,0,0,0,0.0,32.67,0.74,0.84,0.435,0.047,0.122,0.313,0.034,0,0
3,2021-12-28,-1.04,1.46,0.0,-4.9,-11.8,1.1,0.4,29.36,5.51,7.86,8.99,5,0.0,-1.82,0,0,0,0.0,32.66,0.45,1.25,0.0,0.044,0.132,0.408,0.034,0,0
4,2021-12-27,-1.04,0.47,0.0,-8.4,-15.6,-3.2,0.5,29.41,5.67,7.92,8.98,13,0.0,-8.45,0,0,0,0.0,32.57,0.44,1.83,0.554,0.051,0.089,0.239,0.034,0,0
5,2021-12-26,-1.19,-0.47,0.0,-10.4,-14.5,-5.2,1.3,29.78,6.08,7.94,8.89,36,0.0,-10.59,0,0,0,0.0,32.62,0.33,1.75,0.426,0.051,0.095,0.223,0.033,0,0
6,2021-12-25,-1.03,-1.04,0.0,-10.1,-13.4,-6.3,2.0,30.83,7.44,7.95,8.73,15,0.0,-5.13,0,0,0,0.0,32.59,0.5,0.86,0.423,0.052,0.093,0.251,0.032,0,0
7,2021-12-24,-1.32,-1.48,0.0,-1.0,-6.6,3.8,1.3,30.82,7.53,7.95,8.96,17,0.0,4.82,0,0,0,0.0,32.49,1.63,0.47,0.453,0.049,0.088,0.259,0.033,0,0
8,2021-12-23,-1.76,-2.11,0.0,-0.7,-7.6,8.9,0.3,0.0,0.0,0.0,0.0,0,0.0,4.56,0,0,0,0.0,0.0,0.0,0.0,0.0,0.0,0.0,0.0,0.0,0,0
9,2021-12-22,-2.22,-2.78,0.0,-1.0,-7.5,8.1,0.4,0.0,0.0,0.0,0.0,0,0.0,3.28,0,0,0,0.0,0.0,0.0,0.0,0.0,0.0,0.0,0.0,0.0,0,0
10,2021-12-21,-2.53,-2.83,0.0,2.5,-3.0,11.2,0.6,0.0,0.0,0.0,0.0,0,1.43,7.36,0,0,0,0.0,0.0,0.0,0.0,0.0,0.0,0.0,0.0,0.0,0,0
11,2021-12-20,-2.5,-2.7,0.0,3.6,-4.6,11.8,0.8,0.0,0.0,0.0,0.0,0,0.0,4.11,0,0,0,0.0,0.0,0.0,0.0,0.0,0.0,0.0,0.0,0.0,0,0
12,2021-12-19,-2.34,-2.19,1.0,-2.7,-9.9,4.6,0.6,31.21,7.95,7.88,7.95,1,0.72,2.7,0,0,0,0.0,32.55,0.43,1.19,0.513,0.052,0.096,0.273,0.034,0,0
13,2021-12-18,-3.1,-2.48,1.0,-5.4,-13.2,1.0,0.7,29.84,6.24,7.84,8.37,1,0.0,-6.21,0,0,0,0.0,32.55,0.56,1.14,0.386,0.051,0.103,0.266,0.034,0,0
14,2021-12-17,-2.14,-0.63,0.0,-4.4,-9.3,3.7,2.8,32.56,9.65,7.91,7.83,0,0.0,5.05,0,0,0,0.0,32.51,0.65,0.83,0.4,0.052,0.118,0.282,0.036,0,0
15,2021-12-16,-2.0,0.35,0.0,4.1,-0.1,10.7,0.5,32.47,9.57,7.93,8.21,1,2.15,8.73,0,0,0,0.0,32.48,0.28,1.03,0.0,0.051,0.122,0.265,0.035,0,0
16,2021-12-15,-1.75,1.4,1.0,5.0,-0.7,11.5,0.5,32.58,9.61,7.99,7.68,7,0.0,10.29,0,0,0,0.0,32.56,0.91,0.0,0.0,0.0,0.0,0.0,0.0,0,0
17,2021-12-07,-2.57,-3.18,0.0,2.9,-3.7,12.8,0.5,32.99,10.24,8.16,8.3,12,0.0,8.41,0,0,0,0.0,32.45,0.11,0.41,0.382,0.042,0.102,0.239,0.04,0,0
18,2021-12-06,-3.14,-3.67,0.0,1.7,-5.9,12.6,0.3,32.38,9.55,8.16,8.31,8,0.0,4.39,0,0,0,0.0,32.41,0.6,0.65,0.371,0.042,0.116,0.23,0.038,0,0
19,2021-12-05,-3.38,-3.55,0.0,-0.4,-6.9,9.9,0.3,32.4,9.49,8.2,8.31,31,0.0,3.12,0,0,0,0.0,32.47,0.2,0.67,0.369,0.044,0.087,0.221,0.038,0,0
20,2021-12-04,-3.28,-2.44,0.0,-0.1,-6.9,8.2,0.6,32.67,9.76,8.23,8.23,11,0.0,3.07,0,0,0,0.0,32.54,0.4,0.8,0.398,0.042,0.085,0.221,0.037,0,0
21,2021-12-03,-2.65,-0.46,1.5,2.2,-2.3,6.1,1.4,33.43,10.67,8.2,8.1,6,0.0,9.87,0,0,0,0.0,32.55,0.37,0.69,0.279,0.042,0.084,0.195,0.038,0,0
22,2021-12-02,-2.76,0.23,0.5,0.2,-8.0,7.0,0.8,0.0,0.0,0.0,0.0,0,0.0,0.77,0,0,0,0.0,0.0,0.0,0.97,0.382,0.046,0.09,0.158,0.036,0,0
23,2021-12-01,-2.28,0.84,0.0,-0.4,-5.2,2.7,2.7,33.99,11.36,8.15,7.76,3,0.0,3.93,0,0,0,0.0,32.53,0.21,1.09,0.385,0.047,0.089,0.165,0.037,0,0
24,2021-11-30,-1.62,2.06,25.0,5.9,1.6,8.9,2.1,34.41,11.9,8.16,7.72,2,0.0,9.3,0,0,0,0.0,32.5,0.21,0.82,0.431,0.048,0.102,0.182,0.038,0,0
25,2021-11-29,-1.18,1.89,0.0,3.9,-3.6,13.2,0.3,34.54,11.92,8.17,7.82,2,0.0,7.13,0,0,0,0.0,32.62,0.3,1.03,0.506,0.047,0.093,0.195,0.038,0,0
26,2021-11-28,-1.05,1.3,0.0,1.3,-6.4,12.1,0.4,34.7,12.07,8.15,7.71,3,0.0,5.63,0,0,0,0.0,32.65,0.13,1.19,0.433,0.041,0.111,0.195,0.037,0,0
27,2021-11-27,-0.98,0.5,0.0,-0.2,-6.1,9.5,0.5,34.76,12.08,8.15,7.74,7,0.0,5.12,0,0,0,0.0,32.71,0.27,1.31,0.43,0.047,0.105,0.205,0.037,0,0
28,2021-11-26,-0.95,-0.34,0.0,0.9,-5.2,9.7,0.6,34.73,12.09,8.17,7.69,7,0.0,6.43,0,0,0,0.0,32.67,0.26,3.34,0.378,0.046,0.075,0.191,0.036,0,0
29,2021-11-25,-0.96,-0.91,0.0,4.8,-1.5,11.4,0.9,35.07,12.56,8.15,7.58,4,0.0,12.44,0,0,0,0.0,32.62,0.14,3.08,0.644,0.048,0.085,0.199,0.038,0,0
30,2021-11-24,-1.69,-2.01,0.5,1.0,-5.0,7.5,0.4,34.61,12.0,8.16,7.58,7,3.23,1.59,0,0,0,0.0,32.63,0.25,4.0,0.464,0.045,0.079,0.17,0.037,0,0
31,2021-11-23,-2.28,-2.67,0.0,0.1,-4.4,3.3,1.3,35.24,12.72,8.15,7.53,12,0.0,2.25,0,0,0,0.0,32.65,0.45,3.63,0.411,0.043,0.072,0.167,0.036,0,0
32,2021-11-22,-2.25,-2.63,1.0,3.8,-0.2,7.4,2.1,36.07,13.78,8.15,7.36,19,2.51,9.78,0,0,0,0.0,32.59,0.06,2.2,0.595,0.044,0.08,0.192,0.036,0,0
33,2021-11-21,-2.89,-3.16,3.0,8.4,4.1,14.2,0.5,36.4,14.21,8.14,7.4,7,1.79,10.87,0,0,0,0.0,32.55,0.26,2.59,0.481,0.046,0.077,0.176,0.035,0,0
34,2021-11-20,-2.84,-2.98,0.0,8.4,3.3,15.4,0.3,36.67,14.46,8.1,7.29,6,0.0,12.69,0,0,0,0.0,32.61,0.53,2.0,0.451,0.045,0.084,0.188,0.035,0,0
35,2021-11-19,-2.78,-2.35,0.0,10.3,5.6,17.9,0.4,36.7,14.47,8.12,7.34,3,0.0,13.68,0,0,0,0.0,32.63,0.36,1.71,0.442,0.046,0.071,0.207,0.035,0,0
36,2021-11-18,-2.77,-1.48,0.0,9.9,1.8,16.8,0.8,36.13,13.94,8.11,7.38,3,0.0,9.78,0,0,0,0.0,32.52,0.05,2.5,0.4,0.047,0.082,0.195,0.036,0,0
37,2021-11-17,-2.67,-0.51,0.0,4.7,-2.6,13.3,0.3,36.03,13.95,8.05,7.32,1,0.0,9.87,0,0,0,0.0,32.4,0.31,2.04,0.462,0.047,0.096,0.237,0.038,0,0
38,2021-11-16,-2.44,0.61,0.0,5.1,-1.0,14.4,0.4,36.27,14.28,8.02,7.27,0,0.0,12.44,0,0,0,0.0,32.37,0.29,2.02,0.0,0.05,0.102,0.237,0.038,0,0
39,2021-11-15,-2.2,1.52,0.0,6.5,0.1,16.4,0.3,35.73,13.94,7.99,7.35,55,0.0,13.59,0,0,0,0.0,32.12,0.47,1.96,0.383,0.052,0.108,0.252,0.039,0,0
40,2021-11-14,-1.69,2.09,0.0,8.8,2.9,18.0,0.5,35.32,13.83,7.97,7.0,4,0.0,10.73,0,0,0,0.0,31.79,0.29,2.53,0.53,0.055,0.121,0.303,0.042,0,0
41,2021-11-13,-1.35,1.92,0.0,5.1,-2.6,15.1,0.4,36.04,13.94,8.0,7.2,12,0.0,7.47,0,0,0,0.0,32.42,0.34,2.76,0.463,0.055,0.105,0.262,0.038,0,0
42,2021-11-12,-1.09,1.39,0.0,4.6,-1.5,10.5,1.2,36.89,14.65,8.08,7.2,14,0.0,6.77,0,0,0,0.0,32.66,0.98,2.56,0.395,0.053,0.104,0.197,0.037,0,0
43,2021-11-11,-1.08,0.52,0.0,5.0,-1.4,10.9,1.2,37.44,15.35,8.08,7.1,15,0.0,8.85,0,0,0,0.0,32.62,0.54,2.69,0.557,0.052,0.099,0.217,0.037,0,0
44,2021-11-10,-1.02,-0.64,1.0,4.4,-1.4,8.9,1.1,37.66,15.57,8.09,7.04,12,2.51,6.18,0,0,0,0.0,32.65,0.47,2.64,0.325,0.049,0.098,0.198,0.036,0,0
45,2021-11-09,-1.56,-1.74,16.5,4.7,2.9,8.0,0.7,38.21,16.17,8.08,7.03,15,3.23,8.1,0,0,0,0.0,32.69,0.33,2.34,0.302,0.051,0.099,0.203,0.037,0,0
46,2021-11-08,-2.52,-3.0,30.5,8.5,4.5,14.5,1.0,39.83,17.84,8.09,6.88,11,0.0,17.25,0,0,0,0.0,32.84,0.48,2.44,0.325,0.054,0.112,0.209,0.038,0,0
47,2021-11-07,-3.29,-3.79,0.0,12.7,3.7,21.1,0.7,39.28,17.35,8.13,7.13,9,0.0,15.86,0,0,0,0.0,32.73,0.29,3.43,0.329,0.054,0.103,0.17,0.035,0,0
48,2021-11-06,-3.62,-3.88,0.0,10.7,3.6,21.7,0.4,38.95,17.04,8.17,7.37,9,0.0,13.76,0,0,0,0.0,32.67,0.02,2.86,0.307,0.052,0.097,0.162,0.033,0,0
49,2021-11-05,-3.34,-3.13,0.5,9.3,2.7,20.2,0.3,39.3,17.28,8.17,7.2,6,0.0,13.52,0,0,0,0.0,32.8,0.72,3.23,0.303,0.049,0.074,0.125,0.029,0,0
50,2021-11-04,-3.15,-1.67,3.0,8.9,4.6,16.7,0.3,39.31,17.29,8.17,7.31,4,0.0,12.76,0,0,0,0.0,32.8,0.15,2.98,0.31,0.048,0.067,0.167,0.031,0,0
51,2021-11-03,-2.9,-0.25,15.5,9.7,1.7,17.9,0.4,39.46,17.45,8.18,7.44,3,0.0,13.79,0,0,0,0.0,32.81,0.47,2.59,0.408,0.046,0.073,0.172,0.033,0,0
52,2021-11-02,-2.45,0.86,0.0,9.1,3.9,17.5,0.4,39.51,17.53,8.12,6.91,5,0.0,13.29,0,0,0,0.0,32.79,0.13,3.19,0.0,0.061,0.094,0.151,0.037,0,0
53,2021-11-01,-1.88,1.73,0.0,9.9,4.5,17.9,0.4,39.44,17.63,8.16,7.21,4,0.0,17.0,0,0,0,0.0,32.65,1.07,2.16,0.0,0.058,0.067,0.149,0.035,0,0
54,2021-10-31,-1.28,1.78,0.0,11.1,4.2,19.9,0.3,39.29,17.47,8.15,7.05,3,0.0,15.05,0,0,0,0.0,32.64,0.17,2.99,0.0,0.061,0.069,0.13,0.036,0,0
55,2021-10-30,-1.02,1.6,0.0,11.2,6.3,19.4,0.4,39.92,18.01,8.12,7.04,4,0.0,15.34,0,0,0,0.0,32.79,0.0,2.52,0.0,0.06,0.066,0.178,0.037,0,0
56,2021-10-29,-1.06,0.94,0.0,10.8,4.2,20.1,0.5,39.78,17.85,8.15,7.15,3,0.0,14.46,0,0,0,0.0,32.79,0.14,2.61,0.38,0.059,0.06,0.18,0.037,0,0
57,2021-10-28,-1.03,0.15,0.0,8.7,0.4,20.0,0.4,39.99,18.03,8.14,6.76,3,0.0,14.28,0,0,0,0.0,32.83,0.06,2.14,0.401,0.061,0.061,0.203,0.038,0,0
58,2021-10-27,-1.02,-0.58,2.0,10.3,3.9,19.1,0.8,40.05,18.18,8.14,6.78,3,0.0,17.56,0,0,0,0.0,32.77,0.19,2.02,0.442,0.064,0.059,0.195,0.038,0,0
59,2021-10-26,-1.33,-1.47,0.0,9.7,2.8,19.1,0.3,39.71,17.87,8.13,6.84,5,0.0,13.83,0,0,0,0.0,32.7,0.57,2.25,0.382,0.064,0.07,0.196,0.041,0,0
60,2021-10-25,-1.95,-2.34,0.0,8.5,1.5,18.3,0.4,39.82,17.97,8.1,6.75,6,0.0,12.5,0,0,0,0.0,32.73,0.11,2.61,0.36,0.066,0.079,0.203,0.042,0,0
61,2021-10-24,-2.54,-2.97,0.0,8.4,1.5,18.2,0.4,39.19,17.46,8.15,7.03,5,0.0,12.85,0,0,0,0.0,32.55,0.95,2.43,0.374,0.063,0.081,0.197,0.041,0,0
62,2021-10-23,-3.2,-3.58,0.0,7.6,0.3,18.5,0.4,39.27,17.57,8.13,6.87,5,0.0,13.52,0,0,0,0.0,32.54,0.02,2.24,0.333,0.053,0.089,0.2,0.041,0,0
63,2021-10-22,-3.27,-3.53,0.0,7.6,0.0,18.1,0.6,39.81,18.06,8.09,6.69,4,0.0,12.72,0,0,0,0.0,32.64,0.39,2.25,0.319,0.066,0.099,0.201,0.045,0,0
64,2021-10-21,-3.27,-3.41,0.0,6.9,0.5,16.5,0.4,40.04,18.32,8.08,6.61,5,0.0,10.47,0,0,0,0.0,32.65,0.02,1.97,0.323,0.058,0.096,0.21,0.047,0,0
65,2021-10-20,-3.41,-2.87,0.0,6.8,0.4,15.9,0.5,40.22,18.56,8.04,6.58,4,0.0,10.36,0,0,0,0.0,32.62,0.24,1.08,0.822,0.068,0.105,0.178,0.045,0,0
66,2021-10-19,-3.06,-1.39,5.0,10.4,4.9,16.8,1.0,40.29,18.93,8.05,6.62,4,0.0,12.21,0,0,0,0.0,32.39,0.41,2.44,0.0,0.066,0.132,0.251,0.047,0,0
67,2021-10-18,-2.8,-0.37,8.0,8.7,-1.2,17.1,0.7,40.67,19.31,8.04,6.54,4,0.0,9.36,0,0,0,0.0,32.43,0.02,2.69,0.0,0.081,0.122,0.203,0.051,0,0
68,2021-10-17,-2.65,0.41,0.0,4.8,-0.4,11.5,1.2,41.48,20.27,8.02,6.02,2,0.0,8.0,0,0,0,0.0,32.41,0.82,2.92,0.0,0.08,0.132,0.239,0.049,0,0
69,2021-10-16,-1.89,1.75,0.0,11.3,4.5,17.4,1.8,43.02,22.0,8.02,5.7,1,0.0,19.65,0,0,0,0.0,32.42,1.05,2.9,0.376,0.07,0.138,0.201,0.047,0,0
70,2021-10-15,-1.42,2.09,0.0,17.9,15.5,22.2,0.6,43.25,22.26,8.0,5.43,3,0.0,20.75,0,0,0,0.0,32.41,0.7,0.0,0.444,0.071,0.154,0.191,0.047,0,0
71,2021-10-14,-1.09,1.86,0.0,17.5,12.8,24.1,0.4,43.39,22.36,8.0,5.63,3,0.0,20.53,0,0,0,0.0,32.46,0.79,2.93,0.436,0.071,0.164,0.171,0.044,0,0
72,2021-10-13,-1.1,1.15,0.0,16.6,10.4,24.6,0.7,43.15,22.1,8.03,5.77,5,0.0,17.82,0,0,0,0.0,32.45,0.27,2.9,0.455,0.069,0.165,0.147,0.04,0,0
73,2021-10-12,-0.98,-0.21,0.0,15.9,12.0,20.0,0.7,43.46,22.56,8.02,5.57,7,0.0,18.58,0,0,0,0.0,32.37,0.82,2.9,0.49,0.066,0.174,0.111,0.042,0,0
74,2021-10-11,-1.51,-1.79,0.0,15.3,12.3,19.4,0.9,43.86,22.9,8.04,5.54,13,0.0,17.72,0,0,0,0.0,32.45,0.17,2.86,0.495,0.056,0.167,0.098,0.04,0,0
75,2021-10-10,-2.38,-2.92,10.0,19.5,14.7,25.5,0.9,44.28,23.36,8.07,5.56,9,0.0,22.91,0,0,0,0.0,32.46,0.42,2.87,0.436,0.066,0.156,0.072,0.042,0,0
76,2021-10-09,-3.41,-3.95,0.5,20.7,17.7,27.6,0.6,44.01,23.18,8.07,5.7,10,0.0,20.84,0,0,0,0.0,32.36,0.41,2.8,0.337,0.059,0.14,0.053,0.036,0,0
77,2021-10-08,-3.83,-4.26,2.0,18.5,16.0,20.6,0.2,44.22,23.33,8.1,5.78,12,0.0,20.73,0,0,0,0.0,32.43,0.71,2.93,0.372,0.061,0.123,0.052,0.034,0,0
78,2021-10-07,-3.55,-3.67,8.0,19.1,16.0,23.1,0.5,44.37,23.49,8.13,6.0,9,0.0,21.63,0,0,0,0.0,32.43,1.36,2.11,0.283,0.058,0.114,0.037,0.033,0,0
79,2021-10-06,-3.46,-2.73,0.0,20.3,18.2,24.0,1.0,43.97,23.63,8.08,5.97,6,0.0,22.38,0,0,0,0.0,32.0,0.1,2.93,0.0,0.053,0.0,0.2,0.0,0,0
80,2021-10-05,-2.91,-0.91,0.0,23.6,20.9,28.3,1.4,43.66,23.56,8.13,6.09,4,0.0,24.62,0,0,0,0.0,31.81,1.62,0.0,0.0,0.0,0.0,0.0,0.0,0,0
81,2021-10-04,-2.28,0.47,0.0,21.8,14.1,25.8,1.2,43.32,23.48,8.17,6.86,3,0.0,22.6,0,0,0,0.0,31.59,4.19,3.98,0.247,0.052,0.085,0.057,0.035,0,0
82,2021-10-03,-1.87,1.31,0.0,19.3,13.6,28.3,0.7,43.73,23.4,8.13,5.78,0,0.0,21.62,0,0,0,0.0,31.98,1.52,3.93,0.249,0.053,0.063,0.099,0.035,0,0
83,2021-10-02,-1.0,1.67,4.5,18.6,14.4,26.2,0.6,43.94,23.35,8.1,5.04,0,0.0,20.03,0,0,0,0.0,32.19,0.62,4.05,0.222,0.054,0.116,0.07,0.036,0,0
84,2021-10-01,-1.07,1.76,7.0,19.5,13.3,27.7,0.9,42.73,22.45,7.99,4.68,5,0.0,22.01,0,0,0,0.0,31.84,0.88,3.98,0.311,0.054,0.14,0.068,0.037,0,0
85,2021-09-30,-1.05,1.28,0.0,18.4,13.8,26.0,0.5,42.93,22.67,8.12,5.41,17,0.0,20.75,0,0,0,0.0,31.84,0.08,3.56,0.371,0.057,0.114,0.059,0.033,0,0
86,2021-09-29,-1.05,0.71,4.5,19.4,15.6,22.0,0.6,43.21,22.96,8.11,5.91,1,0.0,21.11,0,0,0,0.0,31.86,0.11,3.63,0.448,0.046,0.101,0.047,0.033,0,0
87,2021-09-28,-1.04,-0.13,6.0,20.2,18.1,23.9,0.9,43.37,23.09,8.1,5.65,0,0.0,22.55,0,0,0,0.0,31.9,0.68,3.95,0.39,0.042,0.088,0.031,0.028,0,0
88,2021-09-27,-1.05,-1.03,0.0,20.0,15.9,25.0,0.7,43.64,23.4,8.17,6.04,1,0.0,23.12,0,0,0,0.0,31.9,0.14,3.93,0.363,0.042,0.09,0.029,0.027,0,0
89,2021-09-26,-1.66,-1.96,0.0,20.3,15.8,27.9,0.6,43.49,23.4,8.18,6.35,3,0.0,22.15,0,0,0,0.0,31.78,0.01,4.22,0.315,0.045,0.084,0.033,0.025,0,0
90,2021-09-25,-2.31,-2.8,0.0,19.5,14.3,23.9,0.6,43.94,24.15,0.0,0.0,0,0.0,22.85,0,0,0,0.0,31.62,0.0,4.47,0.237,0.041,0.081,0.039,0.026,0,0
91,2021-09-24,-2.99,-3.53,0.0,18.7,12.4,27.4,0.5,44.01,23.82,8.32,7.08,7,0.0,21.44,0,0,0,0.0,31.9,0.18,3.32,0.0,0.034,0.054,0.005,0.015,0,0
92,2021-09-23,-3.54,-4.0,0.0,18.4,13.4,26.1,0.9,43.8,24.17,8.25,0.0,2,0.0,21.26,0,0,0,0.0,31.48,0.3,3.31,0.424,0.053,0.221,0.034,0.035,0,0
93,2021-09-22,-3.42,-3.64,14.5,19.8,15.9,25.6,0.9,44.34,24.72,8.05,0.0,2,0.0,19.58,0,0,0,0.0,31.53,0.45,3.08,0.381,0.053,0.208,0.03,0.036,0,0
94,2021-09-21,-3.08,-2.79,49.0,21.7,19.4,26.6,1.0,44.88,25.17,7.63,0.0,1,0.0,23.61,0,0,0,0.0,31.65,0.07,3.21,0.361,0.046,0.147,0.021,0.032,0,0
95,2021-09-20,-3.16,-1.9,1.0,21.9,14.6,28.6,1.1,44.42,24.63,8.31,9.81,4,0.0,23.28,0,0,0,0.0,31.66,3.32,2.62,0.255,0.033,0.065,0.01,0.014,0,0
96,2021-09-19,-2.85,-0.47,0.0,21.7,16.9,29.0,0.5,44.22,24.52,8.24,9.48,26,0.0,24.04,0,0,0,0.0,31.58,7.04,2.5,0.242,0.039,0.065,0.005,0.018,0,0
97,2021-09-18,-2.3,1.07,0.0,20.6,13.6,28.6,0.5,43.49,24.39,8.36,10.48,1,0.0,23.0,0,0,0,0.0,31.09,10.72,2.98,0.262,0.034,0.055,0.019,0.012,0,0
98,2021-09-17,-1.8,2.04,0.0,21.9,15.5,28.3,1.2,43.75,24.58,8.34,10.4,9,0.0,23.97,0,0,0,0.0,31.16,10.94,3.96,0.264,0.036,0.083,0.011,0.014,0,0
99,2021-09-16,-1.33,2.32,0.0,20.0,12.7,27.3,0.8,43.52,24.45,8.19,7.87,9,0.0,22.94,0,0,0,0.0,31.06,3.82,3.58,0.3,0.046,0.101,0.059,0.03,0,0
100,2021-09-15,-1.23,1.73,0.0,21.3,13.8,29.4,1.3,44.18,24.8,8.1,7.33,8,0.0,24.11,0,0,0,0.0,31.35,3.64,3.32,0.362,0.06,0.131,0.157,0.043,0,0
101,2021-09-14,-1.03,1.28,0.0,21.1,15.3,28.4,0.8,43.91,25.1,8.09,6.95,8,0.0,24.15,0,0,0,0.0,30.93,9.85,3.33,0.354,0.067,0.099,0.176,0.04,0,0
102,2021-09-13,-0.98,-0.08,0.0,22.2,17.0,30.4,0.7,44.14,24.8,8.08,6.99,6,0.0,24.15,0,0,0,0.0,31.31,2.72,3.19,0.359,0.069,0.095,0.242,0.046,0,0
103,2021-09-12,-1.28,-1.47,0.0,21.9,16.5,29.4,0.6,43.87,24.64,8.02,6.4,9,0.0,23.63,0,0,0,0.0,31.22,1.4,3.17,0.429,0.076,0.145,0.26,0.053,0,0
104,2021-09-11,-2.33,-2.88,0.0,21.7,17.0,29.2,0.7,43.31,24.52,8.01,6.43,11,0.0,23.39,0,0,0,0.0,30.85,0.73,3.09,0.378,0.084,0.189,0.259,0.058,0,0
105,2021-09-10,-3.11,-3.75,0.0,21.5,16.8,28.2,0.5,43.09,24.31,7.99,7.35,11,2.87,23.1,0,0,0,0.0,30.82,0.88,2.93,0.468,0.092,0.214,0.232,0.055,0,0
106,2021-09-09,-3.77,-4.27,0.0,21.2,15.8,28.5,0.5,43.08,24.18,7.99,6.27,10,0.0,22.92,0,0,0,0.0,30.9,0.39,2.96,0.438,0.091,0.233,0.238,0.056,0,0
107,2021-09-08,-3.82,-4.07,0.0,20.6,16.2,26.9,0.8,42.97,23.99,7.97,5.97,10,2.51,20.83,0,0,0,0.0,30.94,0.43,2.58,0.479,0.08,0.257,0.222,0.057,0,0
108,2021-09-07,-3.35,-3.06,14.5,20.0,17.3,21.9,1.1,43.24,24.1,7.96,5.82,4,0.0,19.44,0,0,0,0.0,31.09,0.47,2.53,0.551,0.069,0.239,0.225,0.053,0,0
109,2021-09-06,-2.96,-1.7,28.0,20.1,16.5,25.8,1.2,43.73,24.76,7.96,5.78,7,0.0,23.43,0,0,0,0.0,31.02,0.12,2.64,0.542,0.068,0.247,0.241,0.054,0,0
110,2021-09-05,-2.53,-0.31,0.0,21.1,14.6,26.7,0.9,43.1,25.14,7.99,6.09,9,0.0,23.32,0,0,0,0.0,30.27,1.07,2.85,0.676,0.07,0.257,0.244,0.056,0,0
111,2021-09-04,-2.01,0.82,0.0,20.6,14.4,28.0,0.7,42.4,24.9,7.94,5.66,6,0.0,24.26,0,0,0,0.0,29.88,1.73,3.1,0.677,0.076,0.304,0.26,0.061,0,0
112,2021-09-03,-1.4,1.58,0.0,21.8,16.2,29.2,0.7,40.24,24.39,7.96,6.01,8,0.0,23.32,0,0,0,0.0,28.51,1.66,3.17,0.737,0.081,0.306,0.33,0.065,0,0
113,2021-09-02,-1.32,1.48,0.0,21.8,18.9,27.1,0.7,42.8,24.63,7.94,5.47,7,0.0,23.99,0,0,0,0.0,30.37,0.33,2.76,0.64,0.069,0.264,0.228,0.055,0,0
114,2021-09-01,-1.73,1.71,4.0,20.2,18.9,23.1,0.7,44.46,24.9,7.89,4.51,6,1.79,20.75,0,0,0,0.0,31.5,0.71,2.48,0.508,0.064,0.211,0.269,0.049,0,0
115,2021-08-31,-1.03,1.07,43.0,20.0,18.3,23.2,0.8,45.41,25.47,7.95,5.18,8,0.0,24.49,0,0,0,0.0,31.85,0.13,2.73,0.798,0.063,0.267,0.162,0.049,0,0
116,2021-08-30,-1.0,0.36,0.0,22.5,18.9,27.0,0.3,45.38,25.44,7.96,5.31,6,0.0,24.57,0,0,0,0.0,31.85,0.43,2.77,0.623,0.059,0.0,0.154,0.049,0,0
117,2021-08-29,-1.03,-0.44,6.0,21.5,18.5,26.2,0.5,45.45,25.52,7.97,5.37,6,0.0,24.13,0,0,0,0.0,31.85,0.78,2.23,0.652,0.066,0.0,0.126,0.051,0,0
118,2021-08-28,-1.25,-1.45,0.5,22.0,17.4,28.0,0.6,45.3,25.47,7.97,5.4,9,0.0,22.96,0,0,0,0.0,31.76,0.51,2.56,0.655,0.064,0.0,0.124,0.056,0,0
119,2021-08-27,-1.91,-2.33,4.0,21.1,18.2,24.5,0.4,45.58,25.77,7.99,5.66,18,0.0,25.64,0,0,0,0.0,31.77,2.74,2.19,0.678,0.058,0.148,0.134,0.049,0,0
120,2021-08-26,-2.64,-3.21,0.0,24.5,20.5,28.6,0.8,45.35,25.92,7.95,5.69,36,0.0,24.69,0,0,0,0.0,31.49,0.33,2.35,0.418,0.057,0.221,0.112,0.046,0,0
121,2021-08-25,-3.36,-3.93,0.5,23.5,20.6,26.4,0.6,45.19,25.81,7.97,6.27,46,0.0,25.2,0,0,0,0.0,31.44,0.59,2.25,0.394,0.065,0.213,0.085,0.045,0,0
122,2021-08-24,-3.69,-4.04,8.5,23.8,20.8,28.1,1.6,44.96,25.8,7.93,6.16,35,0.0,23.25,0,0,0,0.0,31.27,0.96,2.31,0.409,0.067,0.215,0.091,0.046,0,0
123,2021-08-23,-3.6,-3.74,14.0,21.3,19.5,23.9,0.8,46.08,26.11,7.92,4.86,0,0.0,24.56,0,0,0,0.0,31.92,0.82,2.48,0.42,0.055,0.196,0.084,0.041,0,0
124,2021-08-22,-3.36,-2.31,0.0,23.3,19.6,27.2,0.8,46.03,26.16,7.89,5.05,4,0.0,24.47,0,0,0,0.0,31.86,0.59,2.78,0.42,0.061,0.177,0.076,0.037,0,0
125,2021-08-21,-2.86,-0.45,41.5,22.8,20.9,27.1,1.3,46.67,26.81,8.04,8.17,13,0.0,24.98,0,0,0,0.0,31.9,3.53,3.04,0.41,0.056,0.149,0.056,0.032,0,0
126,2021-08-20,-2.49,1.08,0.5,24.2,18.7,30.2,0.7,46.37,26.7,8.03,7.38,21,0.0,24.48,0,0,0,0.0,31.74,9.76,3.23,0.351,0.065,0.145,0.083,0.037,0,0
127,2021-08-19,-2.24,2.19,11.5,23.4,16.1,31.1,0.7,46.57,26.93,7.98,6.36,24,0.0,24.68,0,0,0,0.0,31.73,2.11,3.56,0.404,0.061,0.115,0.07,0.034,0,0
128,2021-08-18,-1.62,2.59,7.0,21.8,17.6,30.7,0.9,47.09,26.89,7.94,5.66,19,0.0,24.18,0,0,0,0.0,32.17,1.56,3.48,0.414,0.054,0.152,0.078,0.033,0,0
129,2021-08-17,-1.29,2.29,9.0,24.0,19.1,32.6,1.1,46.9,26.61,7.95,4.92,14,0.0,26.86,0,0,0,0.0,32.21,0.08,3.28,0.507,0.061,0.143,0.15,0.037,0,0
130,2021-08-16,-1.14,1.5,0.0,25.5,20.1,33.0,0.9,46.91,26.71,8.02,5.39,12,0.0,26.35,0,0,0,0.0,32.15,0.36,3.27,0.557,0.057,0.138,0.113,0.034,0,0
131,2021-08-15,-1.0,0.23,0.0,25.2,18.7,33.2,0.8,46.92,26.89,8.05,5.51,10,0.0,25.61,0,0,0,0.0,32.04,0.67,3.27,0.465,0.059,0.135,0.063,0.036,0,0
132,2021-08-14,-1.05,-1.05,0.0,24.8,20.8,31.5,1.1,47.04,27.06,8.08,5.66,8,0.0,27.29,0,0,0,0.0,32.01,1.16,3.25,0.364,0.058,0.143,0.067,0.034,0,0
133,2021-08-13,-1.91,-2.34,0.0,24.9,20.1,29.9,0.6,47.08,27.15,8.11,6.1,15,0.0,27.07,0,0,0,0.0,31.98,2.46,3.41,0.367,0.053,0.18,0.054,0.031,0,0
134,2021-08-12,-2.68,-3.25,0.0,25.6,20.4,32.9,0.5,47.01,27.11,8.11,5.93,22,0.0,27.13,0,0,0,0.0,31.95,4.24,3.37,0.357,0.052,0.155,0.04,0.03,0,0
135,2021-08-11,-3.24,-3.73,0.0,26.2,21.1,32.0,0.7,46.88,27.11,8.14,6.35,22,0.0,26.53,0,0,0,0.0,31.86,4.35,0.0,0.499,0.041,0.161,0.017,0.028,0,0
136,2021-08-10,-3.43,-3.73,0.0,25.9,20.4,32.2,0.9,47.25,27.58,7.94,4.65,4,0.0,27.16,0,0,0,0.0,31.81,0.25,0.0,0.0,0.0,0.0,0.0,0.0,0,0
137,2021-08-09,-3.0,-3.08,0.0,26.4,20.5,34.1,0.9,47.14,27.67,8.03,5.06,4,0.0,26.36,0,0,0,0.0,31.67,0.32,0.0,0.0,0.0,0.0,0.0,0.0,0,0
138,2021-08-08,-2.92,-2.09,51.0,25.0,21.0,32.4,0.7,47.57,27.66,8.05,5.44,3,0.0,27.03,0,0,0,0.0,32.0,0.82,0.0,0.0,0.0,0.215,0.0,0.033,0,0
139,2021-08-07,-2.59,-0.88,0.0,26.3,19.9,33.3,0.7,47.86,27.89,8.11,5.63,3,0.0,26.17,0,0,0,0.0,32.06,1.17,0.0,0.0,0.0,0.0,0.16,0.0,0,0
140,2021-08-06,-2.19,0.29,0.0,26.7,23.0,34.1,1.0,48.28,28.31,8.24,7.17,5,0.0,27.88,0,0,0,0.0,32.09,0.03,4.05,0.409,0.037,0.118,0.008,0.015,0,0
141,2021-08-05,-1.83,1.19,0.5,,,,0.8,47.93,28.02,8.21,6.63,3,0.0,27.13,0,0,0,0.0,32.02,0.28,4.22,0.377,0.034,0.094,0.003,0.013,0,0
142,2021-08-04,-1.5,1.84,0.0,27.7,22.6,35.9,0.8,47.35,27.26,8.16,7.09,3,0.0,27.3,0,0,0,0.0,32.11,0.53,3.98,0.353,0.035,0.101,0.038,0.02,0,0
143,2021-08-03,-1.29,2.03,0.0,25.8,21.0,32.4,0.6,46.99,26.92,8.1,6.32,2,0.0,25.99,0,0,0,0.0,32.07,1.42,3.67,0.37,0.045,0.189,0.113,0.031,0,0
144,2021-08-02,-1.09,2.01,1.0,24.6,22.0,28.8,0.5,46.68,26.86,8.12,6.23,2,0.0,25.69,0,0,0,0.0,31.87,0.25,2.27,0.257,0.04,0.117,0.067,0.023,0,0
145,2021-08-01,-1.01,1.38,15.0,25.5,23.4,28.1,0.4,47.0,26.74,7.99,5.6,4,1.08,27.2,0,0,0,0.0,32.2,0.4,0.0,0.0,0.0,0.0,0.0,0.0,0,0
146,2021-07-31,-1.03,0.58,0.0,28.2,24.0,34.5,1.1,47.22,27.2,7.96,5.68,2,0.36,27.93,0,0,0,0.0,32.05,0.45,3.34,0.377,0.043,0.266,0.111,0.028,0,0
147,2021-07-30,-1.0,-0.43,0.0,28.6,21.7,35.7,1.1,46.34,26.22,8.06,6.36,3,0.0,26.36,0,0,0,0.0,32.05,2.11,2.53,0.4,0.041,0.283,0.117,0.026,0,0
148,2021-07-29,-1.35,-1.51,0.0,27.4,22.7,34.0,0.7,48.53,28.09,8.08,6.08,1,0.0,26.42,0,0,0,0.0,32.43,0.47,1.81,0.485,0.049,0.113,0.372,0.038,0,0
149,2021-07-28,-2.23,-2.77,0.0,28.3,23.1,34.4,0.9,48.42,27.99,8.06,5.06,1,0.0,26.24,0,0,0,0.0,32.41,0.94,1.66,0.509,0.049,0.131,0.378,0.044,0,0
150,2021-07-27,-3.05,-3.66,0.0,28.2,21.8,35.9,0.8,48.12,27.71,7.98,5.97,5,0.0,27.64,0,0,0,0.0,32.38,0.45,2.57,0.502,0.048,0.116,0.386,0.04,0,0
151,2021-07-26,-3.66,-4.16,0.0,27.6,21.3,35.2,0.9,47.76,27.39,8.01,6.72,4,0.0,26.94,0,0,0,0.0,32.32,0.1,2.09,0.442,0.049,0.143,0.299,0.033,0,0
152,2021-07-25,-3.57,-3.74,0.0,27.6,21.4,35.7,0.8,47.79,27.44,0.0,0.0,3,0.0,26.54,0,0,0,0.0,32.32,0.42,2.96,0.634,0.049,0.0,0.214,0.0,0,0
153,2021-07-24,-3.35,-2.47,0.0,27.9,22.0,35.8,0.7,47.41,27.09,7.96,5.5,7,0.0,26.79,0,0,0,0.0,32.27,1.15,2.1,0.435,0.038,0.218,0.085,0.023,0,0
154,2021-07-23,-3.08,-0.68,0.0,27.6,21.5,34.9,0.7,46.87,26.89,8.18,7.88,6,0.0,27.23,0,0,0,0.0,32.0,0.89,2.31,0.399,0.04,0.0,0.0,0.0,0,0
155,2021-07-22,-2.82,0.91,0.0,27.7,21.3,34.9,0.8,46.7,26.61,8.22,8.34,20,0.0,27.64,0,0,0,0.0,32.06,1.76,2.19,0.343,0.036,0.093,0.045,0.029,0,0
156,2021-07-21,-2.35,2.08,0.0,27.8,21.6,35.2,0.7,45.79,25.39,7.98,0.0,2,0.0,26.74,0,0,0,0.0,32.21,2.13,2.18,0.406,0.037,0.107,0.099,0.03,0,0
157,2021-07-20,-1.84,2.69,0.0,26.6,21.6,32.1,0.5,45.46,25.24,8.01,0.0,4,0.0,26.08,0,0,0,0.0,32.05,0.99,2.38,0.391,0.043,0.08,0.036,0.033,0,0
158,2021-07-18,-1.07,1.48,0.0,26.8,20.8,33.1,0.9,45.12,24.85,7.81,5.58,2,0.0,26.61,0,0,0,0.0,32.06,0.09,2.36,0.487,0.051,0.094,0.169,0.033,0,0
159,2021-07-17,-0.99,0.26,0.0,25.7,20.7,32.4,0.8,45.02,24.61,7.77,5.88,1,0.0,25.38,0,0,0,0.0,32.15,0.02,2.41,0.47,0.046,0.094,0.165,0.03,0,0
160,2021-07-16,-1.02,-0.92,12.0,26.8,20.8,33.4,0.9,44.71,24.35,7.8,6.26,2,0.0,26.53,0,0,0,0.0,32.09,0.23,2.6,0.519,0.046,0.089,0.157,0.03,0,0
161,2021-07-15,-1.62,-1.98,0.0,26.9,22.1,33.4,0.8,44.31,24.02,7.83,6.72,3,0.0,26.41,0,0,0,0.0,32.0,0.2,2.13,0.494,0.044,0.084,0.21,0.029,0,0
162,2021-07-14,-2.37,-2.85,0.0,27.1,22.0,32.5,0.9,45.1,25.15,7.91,7.24,42,0.0,26.58,0,0,0,0.0,31.83,0.84,2.16,0.541,0.046,0.0,0.252,0.034,0,0
163,2021-07-13,-3.0,-3.48,0.0,26.3,21.9,31.4,0.6,44.73,24.77,7.92,7.79,16,0.0,25.61,0,0,0,0.0,31.81,1.0,2.1,0.48,0.049,0.22,0.26,0.033,0,0
164,2021-07-12,-3.36,-3.68,0.0,25.6,20.7,32.0,0.5,44.83,24.8,7.98,7.34,23,0.0,24.77,0,0,0,0.0,31.87,0.47,1.65,0.52,0.049,0.251,0.269,0.032,0,0
165,2021-07-11,-3.2,-3.31,0.5,24.7,21.6,29.2,0.7,44.79,24.72,8.0,7.09,18,0.0,23.77,0,0,0,0.0,31.89,0.37,1.56,0.558,0.061,0.264,0.294,0.031,0,0
166,2021-07-10,-3.0,-2.44,2.5,24.8,20.6,29.6,0.9,44.47,24.4,8.0,7.04,8,0.0,23.64,0,0,0,0.0,31.86,1.07,1.7,0.442,0.046,0.167,0.231,0.03,0,0
167,2021-07-09,-2.76,-1.4,0.0,23.9,20.0,28.7,0.8,43.95,23.71,8.0,6.87,6,0.0,23.47,0,0,0,0.0,31.93,0.94,1.6,0.492,0.047,0.198,0.27,0.03,0,0
168,2021-07-08,-2.58,-0.35,1.0,24.3,21.4,29.8,0.8,43.56,23.52,8.02,6.81,6,0.0,23.14,0,0,0,0.0,31.75,0.35,1.54,0.547,0.046,0.228,0.319,0.029,0,0
169,2021-07-07,-2.29,0.65,7.5,24.7,22.4,28.5,0.6,43.59,23.2,8.02,6.4,6,0.0,24.25,0,0,0,0.0,32.01,0.73,1.72,0.487,0.043,0.198,0.272,0.027,0,0
170,2021-07-06,-2.03,1.49,0.0,23.6,18.2,29.0,0.7,43.25,22.89,8.03,6.54,5,0.0,23.05,0,0,0,0.0,31.96,0.29,1.41,0.44,0.043,0.174,0.266,0.024,0,0
171,2021-07-05,-1.62,1.85,0.0,22.3,18.3,26.4,0.6,42.91,22.75,8.06,6.62,7,0.0,21.2,0,0,0,0.0,31.77,0.12,1.31,0.44,0.038,0.206,0.234,0.021,0,0
172,2021-07-04,-1.18,2.23,7.5,21.2,19.6,24.0,1.2,43.22,22.68,8.03,6.43,9,0.0,21.61,0,0,0,0.0,32.09,1.58,1.52,0.422,0.037,0.244,0.178,0.019,0,0
173,2021-07-03,-1.02,1.82,44.0,22.4,19.6,26.1,1.8,43.43,22.6,8.06,7.03,5,0.0,25.64,0,0,0,0.0,32.32,1.97,1.56,0.396,0.036,0.213,0.151,0.021,0,0
174,2021-07-02,-0.99,0.98,0.0,24.6,19.3,31.7,0.7,42.91,21.99,8.04,7.18,4,0.0,23.13,0,0,0,0.0,32.33,1.72,1.46,0.465,0.039,0.205,0.26,0.024,0,0
175,2021-07-01,-0.99,-0.04,0.0,24.1,17.5,30.5,0.6,42.73,21.87,8.02,7.16,4,0.0,22.04,0,0,0,0.0,32.27,1.56,0.0,0.0,0.0,0.157,0.205,0.031,0,0
176,2021-06-30,-1.08,-1.2,0.0,22.7,17.9,28.1,0.6,42.76,22.03,7.88,6.77,5,0.0,21.91,0,0,0,0.0,32.17,0.18,0.0,0.0,0.0,0.048,0.255,0.027,0,0
177,2021-06-29,-1.84,-2.44,0.0,22.9,17.7,29.0,0.8,42.81,22.17,7.91,7.02,7,0.0,22.12,0,0,0,0.0,32.11,0.09,0.0,0.0,0.0,0.089,0.564,0.026,0,0
178,2021-06-28,-2.88,-3.48,0.0,22.7,19.0,29.4,0.8,43.67,23.28,7.91,7.4,7,0.0,21.84,0,0,0,0.0,32.02,0.1,3.62,0.429,0.032,0.035,0.268,0.026,0,0
179,2021-06-27,-3.63,-4.11,0.0,23.0,16.0,30.5,0.7,0.0,0.0,0.0,0.0,4,0.0,22.62,0,0,0,0.0,0.0,0.1,3.28,0.44,0.038,0.034,0.259,0.028,0,0
180,2021-06-26,-3.8,-3.99,0.5,21.3,17.5,27.4,0.6,42.57,22.01,7.97,7.84,5,0.0,21.52,0,0,0,0.0,32.03,0.89,0.0,0.0,0.0,0.056,0.225,0.024,0,0
181,2021-06-25,-3.61,-2.86,0.0,21.8,14.7,27.9,0.7,42.33,21.84,8.04,8.67,5,0.0,20.53,0,0,0,0.0,31.96,1.31,3.89,0.546,0.029,0.074,0.436,0.026,0,0
182,2021-06-24,-3.4,-1.19,0.0,20.8,14.6,27.7,0.7,43.48,23.21,7.92,7.31,1,0.0,20.66,0,0,0,0.0,31.91,1.17,3.65,0.393,0.03,0.064,0.297,0.028,0,0
183,2021-06-23,-2.98,0.55,0.0,20.8,16.5,26.4,0.9,43.48,23.21,7.89,7.04,2,0.0,21.36,0,0,0,0.0,31.91,0.7,4.26,0.504,0.028,0.084,0.42,0.027,0,0
184,2021-06-22,-2.61,1.71,0.0,22.2,15.4,28.7,0.7,42.59,22.24,7.93,6.56,1,0.0,20.36,0,0,0,0.0,31.88,0.53,3.78,0.413,0.031,0.068,0.345,0.027,0,0
185,2021-06-21,-1.95,2.44,0.0,21.5,16.2,27.8,1.0,42.0,21.61,7.83,4.83,0,0.0,18.56,0,0,0,0.0,31.85,0.92,2.96,0.442,0.036,0.077,0.351,0.028,0,0
186,2021-06-20,-1.46,2.28,0.0,21.4,13.1,28.9,1.2,41.22,20.73,7.87,5.89,1,0.0,19.37,0,0,0,0.0,31.83,7.53,2.75,0.442,0.043,0.08,0.362,0.026,0,0
187,2021-06-19,-1.07,1.53,0.0,20.2,15.0,26.5,0.8,40.7,20.22,7.85,5.98,1,0.0,19.15,0,0,0,0.0,31.76,11.71,1.83,0.448,0.038,0.09,0.337,0.024,0,0
188,2021-06-18,-0.99,0.5,6.0,19.1,18.2,20.4,1.0,40.66,20.29,7.86,5.78,5,0.0,19.03,0,0,0,0.0,31.68,0.09,1.93,0.445,0.035,0.089,0.339,0.024,0,0
189,2021-06-17,-0.97,-0.56,0.0,20.8,18.8,23.7,0.9,41.32,21.14,7.79,5.51,6,0.0,22.13,0,0,0,0.0,31.61,8.48,2.46,0.731,0.033,0.086,0.508,0.027,0,0
190,2021-06-16,-1.44,-1.71,0.0,23.5,16.3,30.0,1.7,40.69,20.4,7.76,4.93,2,0.0,22.45,0,0,0,0.0,31.62,1.68,0.59,0.421,0.045,0.079,0.236,0.028,0,0
191,2021-06-15,-2.1,-2.59,0.5,20.8,17.3,26.3,0.7,40.71,20.28,7.79,6.03,2,0.0,20.59,0,0,0,0.0,31.73,1.18,0.95,0.419,0.047,0.081,0.275,0.026,0,0
192,2021-06-14,-2.83,-3.29,0.0,20.5,15.7,27.1,1.0,40.47,20.01,7.79,6.33,2,0.0,16.78,0,0,0,0.0,31.73,1.17,1.02,0.41,0.044,0.079,0.297,0.026,0,0
193,2021-06-13,-3.26,-3.63,0.0,20.1,16.0,27.7,1.0,40.25,19.92,7.77,6.37,2,0.0,18.83,0,0,0,0.0,31.6,0.85,0.93,0.419,0.039,0.092,0.288,0.023,0,0
194,2021-06-12,-3.37,-3.59,0.0,21.7,16.6,28.5,0.8,39.89,19.63,7.8,6.64,2,0.0,18.19,0,0,0,0.0,31.5,0.84,0.14,0.474,0.034,0.082,0.3,0.022,0,0
195,2021-06-11,-2.93,-2.96,3.0,20.5,16.7,25.3,1.2,40.26,20.02,7.8,6.69,1,0.0,20.15,0,0,0,0.0,31.54,0.23,1.56,0.442,0.04,0.087,0.273,0.022,0,0
196,2021-06-10,-3.06,-2.3,7.5,22.6,17.4,30.2,0.8,39.73,19.34,7.82,7.03,1,0.0,21.07,0,0,0,0.0,31.58,0.42,2.1,0.487,0.034,0.08,0.339,0.021,0,0
197,2021-06-09,-2.92,-1.4,0.0,23.2,17.0,31.6,0.6,39.31,18.91,7.86,7.2,1,0.0,19.65,0,0,0,0.0,31.53,0.5,0.68,0.465,0.034,0.094,0.358,0.019,0,0
198,2021-06-08,-2.64,-0.38,0.0,21.0,15.7,27.4,0.8,39.5,19.25,7.94,7.42,1,0.0,19.88,0,0,0,0.0,31.44,0.14,1.93,0.506,0.031,0.091,0.268,0.02,0,0
199,2021-06-07,-2.32,0.58,0.0,18.9,13.7,25.2,0.5,39.42,19.01,7.95,7.84,1,0.0,20.15,0,0,0,0.0,31.55,0.54,1.21,0.484,0.03,0.076,0.287,0.023,0,0
200,2021-06-06,-2.04,1.38,0.0,20.7,14.1,26.7,0.9,39.29,19.15,7.99,7.92,1,0.0,18.89,0,0,0,0.0,31.34,1.42,1.9,0.511,0.032,0.074,0.29,0.025,0,0
201,2021-06-05,-1.65,1.8,0.0,18.2,11.2,25.1,1.1,38.23,17.75,7.89,6.4,1,0.0,17.78,0,0,0,0.0,31.45,0.18,1.71,0.411,0.033,0.076,0.335,0.025,0,0
202,2021-06-04,-1.26,1.66,0.0,16.7,10.3,23.8,1.2,37.95,17.37,7.84,6.73,2,1.79,15.66,0,0,0,0.0,31.49,0.79,1.31,0.438,0.043,0.095,0.319,0.025,0,0
203,2021-06-03,-0.97,1.27,13.0,17.4,13.7,22.3,0.5,37.78,17.25,7.85,6.86,2,0.0,19.09,0,0,0,0.0,31.42,0.37,1.65,0.52,0.043,0.1,0.329,0.026,0,0
204,2021-06-02,-0.93,0.25,0.0,20.7,13.1,28.9,0.7,37.64,17.22,7.84,6.85,2,0.0,18.31,0,0,0,0.0,31.31,0.85,1.63,0.565,0.044,0.109,0.436,0.028,0,0
205,2021-06-01,-1.02,-1.05,0.0,19.4,14.0,24.9,0.9,37.64,17.79,7.89,7.43,7,0.0,18.78,0,0,0,0.0,30.87,1.09,0.84,0.538,0.036,0.067,0.471,0.027,0,0
206,2021-05-31,-1.81,-2.23,1.0,18.6,14.7,23.8,0.6,37.88,17.59,7.93,7.85,16,0.0,16.9,0,0,0,0.0,31.24,1.11,1.67,0.425,0.032,0.059,0.366,0.028,0,0
207,2021-05-30,-2.87,-3.49,10.0,17.3,8.2,26.3,0.9,38.15,17.69,7.97,10.4,15,0.0,15.43,0,0,0,0.0,31.42,0.56,0.7,0.434,0.029,0.054,0.38,0.029,0,0
208,2021-05-29,-3.71,-4.3,0.0,15.4,8.6,20.5,0.8,37.91,17.59,7.99,9.63,17,0.0,15.42,0,0,0,0.0,31.28,0.39,2.55,0.439,0.026,0.053,0.345,0.024,0,0
209,2021-05-28,-4.15,-4.49,13.0,14.1,9.1,21.0,1.0,37.99,17.43,8.01,8.56,10,0.0,14.95,0,0,0,0.0,31.47,0.14,2.55,0.522,0.023,0.056,0.314,0.02,0,0
210,2021-05-27,-3.6,-3.54,4.5,14.3,9.8,19.3,0.9,40.84,20.74,7.76,5.08,3,0.0,18.12,0,0,0,0.0,31.5,0.93,2.18,0.488,0.022,0.06,0.25,0.019,0,0
211,2021-05-26,-3.75,-2.4,0.0,16.0,7.8,23.6,1.2,38.24,17.89,7.96,7.45,0,0.0,14.28,0,0,0,0.0,31.34,0.13,1.18,0.542,0.025,0.054,0.291,0.019,0,0
212,2021-05-25,-3.25,-0.65,4.5,13.9,8.5,19.2,1.1,38.6,18.3,8.0,7.87,2,0.0,15.03,0,0,0,0.0,31.36,0.04,1.51,0.514,0.025,0.057,0.276,0.018,0,0
213,2021-05-24,-2.72,0.77,0.0,16.5,10.9,23.4,1.0,37.96,17.48,7.96,7.68,2,0.0,16.81,0,0,0,0.0,31.41,0.42,1.52,0.469,0.03,0.059,0.246,0.016,0,0
214,2021-05-23,-2.15,1.47,0.0,16.7,9.0,24.3,0.6,38.09,17.53,7.99,7.69,2,0.0,15.51,0,0,0,0.0,31.49,0.37,1.21,0.373,0.019,0.049,0.224,0.017,0,0
215,2021-05-22,-1.54,1.61,0.0,16.0,9.4,23.5,0.8,37.36,16.85,7.91,7.12,3,1.08,14.87,0,0,0,0.0,31.34,1.11,1.82,0.432,0.024,0.051,0.305,0.017,0,0
216,2021-05-21,-1.06,1.09,6.5,14.2,10.9,16.9,0.8,36.94,16.6,7.98,8.05,3,1.79,15.48,0,0,0,0.0,31.14,3.33,0.75,0.447,0.025,0.059,0.273,0.021,0,0
217,2021-05-18,-1.39,-1.63,0.0,15.6,9.8,23.7,0.7,36.97,16.12,7.89,7.41,4,1.08,14.36,0,0,0,0.0,31.55,0.26,3.1,0.355,0.027,0.069,0.282,0.021,0,0
218,2021-05-17,-2.04,-2.51,2.0,14.2,10.7,15.7,0.5,37.16,16.06,7.95,7.96,4,0.0,15.84,0,0,0,0.0,31.77,1.16,2.57,0.377,0.027,0.072,0.218,0.02,0,0
219,2021-05-16,-2.59,-3.12,38.5,18.3,14.9,20.5,0.6,37.67,16.52,7.99,8.33,0,0.0,19.09,0,0,0,0.0,31.89,0.43,1.83,0.376,0.024,0.084,0.244,0.02,0,0
220,2021-05-15,-3.09,-3.56,6.0,19.8,16.3,23.3,0.5,37.21,15.95,7.97,8.72,4,0.0,16.17,0,0,0,0.0,31.91,0.56,1.81,0.378,0.022,0.07,0.234,0.018,0,0
221,2021-05-14,-3.49,-3.85,0.0,19.5,11.6,29.5,0.8,36.62,15.53,7.94,8.32,4,0.0,16.26,0,0,0,0.0,31.67,0.84,2.08,0.267,0.023,0.077,0.19,0.018,0,0
222,2021-05-13,-3.36,-3.61,0.0,18.3,10.4,27.5,0.7,36.06,15.22,7.94,7.35,4,0.0,15.92,0,0,0,0.0,31.38,5.64,1.92,0.303,0.025,0.083,0.179,0.019,0,0
223,2021-05-12,-3.04,-3.12,0.0,18.5,11.9,26.7,1.0,35.9,15.11,7.85,7.52,4,0.0,16.87,0,0,0,0.0,31.32,2.58,1.33,0.347,0.03,0.075,0.201,0.018,0,0
224,2021-05-11,-3.06,-2.41,0.0,17.0,7.4,24.3,1.2,36.09,14.92,7.85,7.52,3,0.0,13.62,0,0,0,0.0,31.66,1.16,3.1,0.0,0.025,0.095,0.183,0.016,0,0
225,2021-05-10,-2.89,-1.46,16.5,11.0,5.7,13.5,0.8,35.84,14.68,7.95,7.98,4,0.0,12.81,0,0,0,0.0,31.61,1.33,3.08,0.316,0.034,0.073,0.171,0.017,0,0
226,2021-05-09,-2.55,-0.5,0.0,13.3,4.9,21.9,0.9,35.49,14.34,7.98,8.2,4,0.0,13.22,0,0,0,0.0,31.54,1.53,0.0,0.0,0.029,0.073,0.177,0.016,0,0
227,2021-05-08,-2.32,0.2,0.0,12.7,4.9,20.7,1.6,35.54,14.37,8.03,8.76,4,0.0,11.81,0,0,0,0.0,31.58,3.87,0.0,0.291,0.023,0.081,0.188,0.017,0,0
228,2021-05-07,-1.7,1.24,4.0,12.2,6.7,16.7,1.5,35.61,14.42,7.97,8.29,3,0.0,14.88,0,0,0,0.0,31.6,1.72,0.0,0.337,0.03,0.085,0.213,0.017,0,0
229,2021-05-06,-1.26,1.36,0.0,12.9,3.5,22.8,1.0,35.06,14.47,7.99,8.78,2,0.0,12.99,0,0,0,0.0,31.02,2.4,2.85,0.334,0.03,0.08,0.23,0.02,0,0
230,2021-05-05,-1.01,1.16,0.0,12.4,5.4,19.0,1.5,34.26,13.69,7.92,8.16,2,0.72,13.51,0,0,0,0.0,30.85,2.01,2.58,0.458,0.032,0.086,0.189,0.022,0,0
231,2021-05-03,-0.98,-0.95,0.0,11.3,3.2,19.8,0.7,35.23,13.65,7.89,9.28,9,0.0,10.89,0,0,0,0.0,31.85,1.5,3.03,0.33,0.024,0.06,0.27,0.02,0,0
232,2021-05-02,-1.75,-2.1,2.5,11.2,5.7,17.8,1.2,34.9,13.29,7.91,9.59,13,0.0,9.71,0,0,0,0.0,31.82,2.97,3.38,0.363,0.027,0.072,0.291,0.02,0,0
233,2021-05-01,-2.77,-3.35,3.5,10.4,8.2,14.7,1.1,35.07,13.32,7.93,11.56,12,0.0,10.71,0,0,0,0.0,31.97,3.84,3.64,0.439,0.022,0.072,0.286,0.021,0,0
234,2021-04-30,-3.45,-4.09,22.0,10.2,7.5,13.7,1.1,35.26,13.49,7.93,11.48,19,0.0,11.37,0,0,0,0.0,32.01,4.84,3.66,0.454,0.024,0.062,0.294,0.024,0,0
235,2021-04-29,-4.23,-4.76,10.0,13.9,7.3,20.4,0.9,35.24,13.59,7.99,10.66,19,0.0,12.5,0,0,0,0.0,31.91,6.18,3.44,0.482,0.024,0.078,0.219,0.017,0,0
236,2021-04-28,-4.12,-4.39,0.5,13.1,9.2,19.0,1.0,35.22,13.66,8.03,9.85,10,0.0,13.51,0,0,0,0.0,31.83,5.2,3.95,0.477,0.021,0.063,0.251,0.017,0,0
237,2021-04-27,-3.54,-3.35,1.0,14.0,6.7,20.8,0.7,34.83,13.31,8.02,9.76,8,0.0,0.0,0,0,0,0.0,31.73,3.22,3.58,0.38,0.021,0.07,0.219,0.016,0,0
238,2021-04-26,-3.22,-1.82,0.0,14.2,7.3,21.5,1.0,34.63,13.34,8.04,9.45,6,0.0,0.0,0,0,0,0.0,31.5,3.14,3.41,0.437,0.02,0.067,0.171,0.015,0,0
239,2021-04-25,-2.73,-0.49,0.0,15.0,6.3,25.6,0.9,33.89,12.91,8.07,9.24,3,0.0,0.0,0,0,0,0.0,31.11,3.02,3.29,0.399,0.018,0.0,0.195,0.012,0,0
240,2021-04-24,-1.97,0.69,0.0,15.8,8.4,22.6,1.0,34.72,13.91,8.15,9.46,2,0.0,0.0,0,0,0,0.0,31.12,3.52,3.34,0.393,0.019,0.0,0.181,0.011,0,0
241,2021-04-23,-1.3,1.08,0.0,19.0,14.2,23.1,1.5,34.59,12.94,8.07,9.65,2,0.0,0.0,0,0,0,0.0,31.28,4.4,2.22,0.363,0.022,0.0,0.186,0.011,0,0
242,2021-04-22,-0.97,0.83,0.0,19.2,12.1,27.6,1.1,34.89,11.5,7.98,8.76,3,0.0,0.0,0,0,0,0.0,31.58,1.97,0.0,0.409,0.024,0.154,0.2,0.015,0,0
243,2021-04-21,-0.99,0.23,0.0,15.8,4.7,27.1,0.8,34.66,11.35,7.98,8.9,2,0.0,0.0,0,0,0,0.0,31.65,2.34,2.58,0.394,0.023,0.126,0.219,0.016,0,0
244,2021-04-20,-0.96,-0.65,0.0,11.6,2.8,20.4,0.7,34.58,11.3,8.01,9.22,3,0.0,0.0,0,0,0,0.0,31.61,2.05,2.68,0.36,0.022,0.093,0.204,0.017,0,0
245,2021-04-19,-1.32,-1.49,0.0,9.6,0.7,17.8,0.9,34.28,11.05,8.04,9.51,5,0.0,0.0,0,0,0,0.0,31.55,2.79,2.64,0.381,0.02,0.084,0.263,0.017,0,0
246,2021-04-18,-1.8,-2.21,0.0,9.1,3.5,14.5,1.7,34.02,10.89,8.05,9.48,7,0.0,0.0,0,0,0,0.0,31.41,2.56,2.77,0.364,0.025,0.054,0.186,0.015,0,0
247,2021-04-17,-2.23,-2.74,0.0,8.4,1.4,14.4,0.9,34.19,10.98,8.06,10.05,6,0.0,0.0,0,0,0,0.0,31.42,3.7,3.08,0.367,0.02,0.055,0.278,0.016,0,0
248,2021-04-16,-2.72,-3.25,0.5,9.0,3.3,15.2,0.8,34.34,10.94,8.06,11.68,8,0.0,0.0,0,0,0,0.0,31.64,3.49,3.34,0.368,0.023,0.072,0.28,0.015,0,0
249,2021-04-15,-3.21,-3.73,0.0,9.3,1.4,17.6,0.9,34.34,10.94,8.08,11.86,7,0.0,0.0,0,0,0,0.0,31.84,4.16,3.28,0.359,0.02,0.059,0.236,0.015,0,0
250,2021-04-14,-3.69,-4.14,0.0,7.5,-0.3,13.8,1.1,34.01,10.75,8.08,10.65,9,0.0,7.7,0,0,0,0.0,31.76,4.15,2.93,0.323,0.021,0.068,0.237,0.014,0,0
251,2021-04-13,-3.37,0.23,2.0,9.9,6.1,13.3,1.4,33.87,10.91,8.08,10.4,11,0.0,12.14,0,0,0,0.0,31.65,2.02,2.43,0.321,0.019,0.075,0.197,0.012,0,0
252,2021-04-12,-3.37,0.23,18.5,12.3,8.9,17.1,1.0,33.7,10.88,8.1,10.04,10,0.0,12.92,0,0,0,0.0,31.6,3.53,3.01,0.338,0.02,0.067,0.19,0.013,0,0
253,2021-04-11,-3.01,0.23,0.0,12.3,2.0,21.7,0.7,33.4,10.61,8.11,9.95,6,0.0,10.14,0,0,0,0.0,31.56,3.91,3.0,0.34,0.02,0.08,0.232,0.012,0,0
254,2021-04-10,-2.74,0.23,0.0,10.5,3.7,17.7,1.0,33.53,10.63,8.12,10.0,5,0.0,11.5,0,0,0,0.0,31.65,5.58,2.8,0.386,0.022,0.089,0.222,0.014,0,0
255,2021-04-09,-2.39,-0.49,0.0,11.1,0.9,19.6,0.9,33.17,10.22,8.1,9.86,4,0.0,10.46,0,0,0,0.0,31.78,4.34,2.71,0.358,0.021,0.101,0.213,0.014,0,0
256,2021-04-08,-1.87,0.5,0.0,9.7,1.2,17.6,0.8,33.02,10.07,8.11,9.89,3,0.0,11.59,0,0,0,0.0,31.83,5.69,2.92,0.34,0.025,0.111,0.194,0.014,0,0
257,2021-04-07,-1.35,0.98,0.0,10.7,2.1,19.6,0.7,32.52,9.43,8.09,9.73,2,0.0,9.89,0,0,0,0.0,31.82,2.25,2.65,0.388,0.025,0.12,0.194,0.014,0,0
258,2021-04-06,-0.95,1.12,0.0,10.6,3.6,18.2,0.9,32.14,8.89,8.06,9.58,2,0.0,9.84,0,0,0,0.0,31.84,1.62,1.02,0.391,0.028,0.147,0.244,0.014,0,0
259,2021-04-05,-0.94,0.42,0.0,9.5,2.0,18.0,0.7,32.3,8.97,8.07,9.73,4,0.0,10.69,0,0,0,0.0,32.08,1.28,3.62,0.383,0.018,0.12,0.263,0.015,0,0
260,2021-04-04,-0.99,-0.59,1.0,11.5,5.9,18.0,1.3,32.36,8.89,8.09,9.91,4,0.36,11.17,0,0,0,0.0,32.21,1.42,3.39,0.338,0.02,0.093,0.215,0.013,0,0
261,2021-04-03,-1.37,-1.5,44.5,14.3,10.8,17.4,0.8,32.48,9.09,8.13,10.19,8,0.0,13.63,0,0,0,0.0,32.21,3.17,3.4,0.376,0.017,0.101,0.275,0.012,0,0
262,2021-04-02,-2.14,-2.53,0.0,16.2,12.6,21.9,1.6,32.55,9.16,8.16,11.04,12,0.0,13.25,0,0,0,0.0,32.28,3.51,4.06,0.355,0.017,0.108,0.205,0.01,0,0
263,2021-04-01,-3.1,-3.75,0.0,15.1,3.4,23.9,1.4,32.15,8.68,8.17,12.45,13,0.0,10.61,0,0,0,0.0,32.37,3.17,3.37,0.363,0.011,0.093,0.192,0.009,0,0
264,2021-03-31,-3.77,-4.37,0.0,9.9,-1.1,22.0,0.8,31.9,8.97,8.18,12.68,13,0.0,7.97,0,0,0,0.0,32.39,2.36,2.08,0.364,0.011,0.057,0.16,0.007,0,0
265,2021-03-30,-4.0,-4.47,0.0,7.8,-0.8,18.2,0.8,31.75,8.81,8.2,11.64,9,0.0,8.02,0,0,0,0.0,32.36,2.35,2.67,0.362,0.011,0.035,0.132,0.006,0,0
266,2021-03-29,-3.54,-3.58,0.0,9.2,3.2,16.0,1.1,31.58,8.57,8.21,11.02,8,0.0,8.94,0,0,0,0.0,32.39,1.75,2.43,0.352,0.01,0.037,0.113,0.005,0,0
267,2021-03-28,-2.94,-2.23,4.5,8.8,7.4,13.1,1.6,31.76,8.8,8.24,11.25,5,1.43,11.61,0,0,0,0.0,32.38,1.92,2.92,0.356,0.011,0.037,0.096,0.005,0,0
268,2021-03-27,-2.58,-1.08,27.0,10.3,3.6,14.6,0.8,31.62,8.6,8.26,11.74,4,0.0,11.31,0,0,0,0.0,32.41,1.7,2.48,0.349,0.011,0.037,0.086,0.005,0,0
269,2021-03-26,-2.08,-0.16,0.0,9.6,4.0,20.0,0.7,31.28,8.26,8.26,11.55,4,0.0,4.86,0,0,0,0.0,32.35,1.6,2.96,0.381,0.011,0.042,0.083,0.005,0,0
270,2021-03-25,-1.34,0.64,0.0,9.3,3.1,17.6,0.9,30.89,8.06,8.26,11.25,3,0.0,8.45,0,0,0,0.0,32.08,1.0,2.65,0.36,0.012,0.043,0.086,0.006,0,0
271,2021-03-24,-0.98,0.68,0.0,8.1,-0.1,17.3,0.9,30.91,7.58,8.25,11.29,3,0.0,8.11,0,0,0,0.0,32.55,1.44,2.78,0.328,0.013,0.047,0.075,0.009,0,0
272,2021-03-23,-0.97,0.28,0.0,6.6,-2.1,17.0,1.0,30.68,7.2,8.16,10.69,2,0.0,5.95,0,0,0,0.0,32.63,2.45,2.98,0.438,0.018,0.048,0.194,0.013,0,0
273,2021-03-22,-0.99,-0.67,0.0,5.9,-0.1,12.3,1.4,0.0,0.0,0.0,0.0,0,0.0,5.46,0,0,0,0.0,0.0,0.0,0.0,0.0,0.0,0.0,0.0,0.0,0,0
274,2021-03-21,-0.94,-0.96,0.0,6.1,3.6,10.1,2.0,0.0,0.0,0.0,0.0,0,1.43,6.37,0,0,0,0.0,0.0,0.0,0.0,0.0,0.0,0.0,0.0,0.0,0,0
275,2021-03-20,-1.12,-1.2,3.0,8.3,5.9,12.1,0.9,0.0,0.0,0.0,0.0,0,0.0,8.86,0,0,0,0.0,0.0,0.0,0.0,0.0,0.0,0.0,0.0,0.0,0,0
276,2021-03-19,-1.63,-1.87,0.0,12.0,6.7,19.9,0.9,0.0,0.0,0.0,0.0,0,0.0,7.66,0,0,0,0.0,0.0,0.0,0.0,0.0,0.0,0.0,0.0,0.0,0,0
277,2021-03-18,-2.14,-2.5,0.0,7.9,-1.6,18.3,0.7,30.15,6.69,8.24,14.34,11,0.0,5.83,0,0,0,0.0,32.49,15.77,3.4,0.331,0.013,0.046,0.137,0.008,0,0
278,2021-03-17,-2.75,-3.32,0.0,4.8,-2.9,15.9,0.8,29.98,6.56,8.24,14.51,10,0.0,5.72,0,0,0,0.0,32.41,16.48,4.1,0.431,0.014,0.041,0.129,0.008,0,0
279,2021-03-16,-2.93,-3.34,0.5,6.7,1.6,12.6,1.5,30.25,7.03,8.25,14.83,8,1.08,8.99,0,0,0,0.0,32.29,17.31,3.65,0.46,0.015,0.045,0.139,0.008,0,0
280,2021-03-15,-3.41,-3.78,0.0,8.8,-0.7,16.7,0.7,29.63,6.27,8.28,14.86,8,1.08,4.75,0,0,0,0.0,32.27,21.9,3.84,0.401,0.019,0.059,0.131,0.007,0,0
281,2021-03-14,-3.41,-3.64,0.0,5.4,-0.8,13.3,0.6,29.62,6.41,8.26,15.03,7,0.0,6.14,0,0,0,0.0,32.12,20.86,3.61,0.419,0.018,0.046,0.126,0.008,0,0
282,2021-03-13,-3.19,-3.18,0.0,6.8,-0.6,15.0,0.9,29.39,6.24,8.24,14.12,6,0.0,7.01,0,0,0,0.0,32.0,21.14,3.71,0.361,0.02,0.055,0.117,0.007,0,0
283,2021-03-12,-2.73,-2.06,0.0,9.1,5.3,13.7,0.9,29.51,6.33,8.25,14.65,4,0.0,6.71,0,0,0,0.0,32.06,21.14,3.66,0.408,0.022,0.037,0.113,0.01,0,0
284,2021-03-11,-2.25,-0.82,0.0,6.4,-2.6,16.9,0.5,29.25,5.88,8.25,14.01,3,0.0,5.02,0,0,0,0.0,32.17,15.32,3.21,0.47,0.025,0.039,0.107,0.011,0,0
285,2021-03-10,-1.84,0.14,0.0,5.4,-3.1,16.8,0.6,28.98,5.47,8.15,12.81,3,0.0,5.3,0,0,0,0.0,32.25,12.66,1.79,0.397,0.026,0.046,0.135,0.014,0,0
286,2021-03-09,-1.39,0.92,0.0,3.7,-3.4,12.1,0.7,28.77,5.23,8.11,12.68,3,0.72,4.59,0,0,0,0.0,32.21,10.46,1.93,0.359,0.025,0.045,0.148,0.015,0,0
287,2021-03-08,-1.03,1.16,0.0,3.7,-2.7,12.9,0.6,28.55,5.06,8.07,12.1,3,0.0,4.46,0,0,0,0.0,32.11,8.03,1.9,0.388,0.026,0.042,0.248,0.018,0,0
288,2021-03-07,-1.01,0.94,0.0,5.1,-0.6,11.5,1.3,28.54,5.08,8.08,12.0,4,0.0,5.14,0,0,0,0.0,32.07,6.69,1.85,0.386,0.025,0.05,0.184,0.021,0,0
289,2021-03-06,-0.98,0.02,0.0,7.4,3.5,13.1,1.5,27.8,4.86,8.03,11.69,4,0.0,4.85,0,0,0,0.0,31.36,5.94,1.52,0.384,0.027,0.049,0.241,0.022,0,0
290,2021-03-05,-0.99,-0.9,0.0,6.4,-2.6,16.1,0.9,27.26,4.6,8.03,11.39,6,0.0,6.06,0,0,0,0.0,30.93,6.69,2.16,0.382,0.032,0.069,0.271,0.02,0,0
291,2021-03-04,-1.63,-1.79,0.0,5.5,-2.2,13.4,0.5,28.65,4.49,7.97,11.53,10,0.0,3.32,0,0,0,0.0,31.59,2.85,2.15,0.47,0.033,0.067,0.277,0.021,0,0
292,2021-03-03,-2.35,-2.67,0.0,1.9,-5.1,10.0,0.6,29.02,4.18,7.99,11.71,13,0.0,2.56,0,0,0,0.0,31.8,4.08,2.5,0.459,0.026,0.063,0.291,0.021,0,0
293,2021-03-02,-3.11,-3.8,0.0,1.6,-3.2,8.5,1.0,29.64,3.95,8.0,11.8,11,0.72,1.44,0,0,0,0.0,32.2,3.5,2.95,0.481,0.0,0.064,0.226,0.019,0,0
294,2021-03-01,-3.4,-3.85,56.5,4.9,0.6,8.2,1.3,28.37,4.22,8.02,12.14,9,0.0,6.41,0,0,0,0.0,32.69,4.29,2.21,0.525,0.026,0.055,0.225,0.019,0,0
295,2021-02-28,-3.01,-3.24,0.0,6.1,-2.6,11.1,0.6,28.24,4.03,8.04,12.12,8,0.0,5.14,0,0,0,0.0,32.72,3.36,2.49,0.482,0.0,0.05,0.24,0.021,0,0
296,2021-02-27,-2.58,-2.56,0.0,8.1,-2.0,16.1,1.6,27.9,3.65,8.03,12.03,7,0.0,6.34,0,0,0,0.0,32.67,3.28,2.31,0.468,0.035,0.065,0.26,0.023,0,0
297,2021-02-26,-2.37,-1.61,0.0,5.6,-5.5,16.7,0.8,27.66,3.32,8.01,11.76,7,0.0,3.59,0,0,0,0.0,32.69,3.15,2.08,0.438,0.0,0.072,0.221,0.024,0,0
298,2021-02-25,-1.91,-0.64,0.0,1.3,-5.0,8.7,0.2,27.6,3.23,7.99,11.56,7,0.0,2.18,0,0,0,0.0,32.69,1.74,1.87,0.495,0.028,0.083,0.243,0.026,0,0
299,2021-02-24,-1.32,0.13,0.0,0.7,-4.6,9.6,0.8,27.54,3.15,7.99,11.76,6,0.0,-0.27,0,0,0,0.0,32.7,2.17,1.04,0.545,0.033,0.068,0.23,0.029,0,0
300,2021-02-23,-1.03,0.49,0.0,0.5,-3.1,4.8,1.3,27.36,3.02,7.93,11.23,6,0.0,1.63,0,0,0,0.0,32.6,0.31,2.5,0.444,0.0,0.054,0.267,0.028,0,0
301,2021-02-22,-0.94,0.91,0.0,5.3,-0.1,12.1,1.1,27.46,3.06,7.96,11.49,6,0.0,7.5,0,0,0,0.0,32.69,0.79,2.84,0.435,0.0,0.058,0.252,0.029,0,0
302,2021-02-21,-0.91,0.57,0.0,8.3,-2.4,18.8,1.2,27.24,2.73,7.91,11.36,8,0.0,4.82,0,0,0,0.0,32.73,0.03,2.63,0.443,0.0,0.094,0.243,0.031,0,0
303,2021-02-20,-0.98,0.32,0.0,4.6,-2.1,14.4,0.6,27.11,2.6,7.9,11.19,9,0.0,5.58,0,0,0,0.0,32.69,-0.6,3.06,0.401,0.0,0.097,0.255,0.03,0,0
304,2021-02-19,-0.97,-0.53,0.0,1.1,-10.6,10.0,1.2,26.84,2.21,7.9,11.2,11,0.0,-2.33,0,0,0,0.0,32.73,0.36,2.82,0.409,0.0,0.1,0.211,0.031,0,0
305,2021-02-18,-1.28,-1.09,0.0,-4.5,-9.4,0.6,1.7,26.91,2.29,7.91,11.1,14,0.0,-6.42,0,0,0,0.0,32.74,1.08,4.65,0.468,0.04,0.116,0.192,0.028,0,0
306,2021-02-17,-1.38,-1.55,0.0,-7.0,-9.2,-3.5,3.3,27.46,2.96,7.92,11.08,12,0.0,-4.02,0,0,0,0.0,32.8,1.12,4.18,0.449,0.036,0.111,0.173,0.031,0,0
307,2021-02-15,-2.24,-2.67,0.0,1.5,-3.5,5.6,2.0,28.12,3.83,7.93,11.24,10,0.0,4.49,0,0,0,0.0,32.77,1.55,3.18,0.421,0.037,0.105,0.202,0.033,0,0
308,2021-02-14,-2.77,-3.24,0.0,6.5,-0.5,13.8,0.5,27.93,3.57,7.93,11.29,9,0.36,3.74,0,0,0,0.0,32.78,1.35,3.63,0.413,0.039,0.1,0.201,0.033,0,0
309,2021-02-13,-3.09,-3.44,0.0,2.6,-3.9,14.7,0.5,27.59,3.19,7.93,11.45,8,0.72,1.23,0,0,0,0.0,32.72,1.28,3.37,0.412,0.037,0.099,0.199,0.034,0,0
310,2021-02-12,-3.01,-3.14,0.0,2.6,-4.5,14.3,0.4,27.47,3.04,7.92,11.33,7,0.36,2.98,0,0,0,0.0,32.72,1.66,3.08,0.439,0.043,0.103,0.199,0.035,0,0
311,2021-02-11,-2.67,-2.35,0.0,2.3,-3.9,12.0,0.5,27.38,2.9,7.92,11.23,7,2.51,2.71,0,0,0,0.0,32.74,1.44,2.74,0.43,0.039,0.107,0.214,0.032,0,0
312,2021-02-10,-2.33,-0.96,0.0,0.7,-7.0,8.0,0.5,27.24,2.73,7.91,11.19,6,0.0,1.75,0,0,0,0.0,32.73,1.45,2.83,0.447,0.042,0.097,0.193,0.031,0,0
313,2021-02-09,-2.13,-0.13,0.0,-2.8,-10.3,4.8,0.6,27.1,2.55,7.9,11.06,5,0.0,-1.85,0,0,0,0.0,32.74,0.05,2.88,0.439,0.043,0.1,0.231,0.032,0,0
314,2021-02-08,-1.56,1.2,0.5,-2.0,-4.4,1.9,2.4,27.28,2.78,7.89,11.0,6,0.0,-0.3,0,0,0,0.0,32.74,0.37,2.92,0.5,0.047,0.107,0.275,0.036,0,0
315,2021-02-07,-1.09,1.81,0.0,2.4,-2.9,7.1,1.0,27.44,3.0,7.89,10.91,7,0.0,4.9,0,0,0,0.0,32.73,0.49,2.81,0.516,0.037,0.112,0.309,0.036,0,0
316,2021-02-06,-1.04,1.79,0.0,5.7,-1.4,9.9,0.8,27.21,2.67,7.88,11.04,8,0.0,2.56,0,0,0,0.0,32.76,0.23,3.28,0.539,0.0,0.114,0.375,0.036,0,0
317,2021-02-05,-1.07,1.06,0.0,-0.7,-10.5,7.3,0.6,26.98,2.42,7.88,11.09,7,0.0,-1.56,0,0,0,0.0,32.7,-0.33,3.69,0.56,0.043,0.096,0.361,0.033,0,0
318,2021-02-04,-1.0,0.49,1.5,-4.3,-9.9,1.2,1.0,27.22,2.7,7.89,10.98,11,1.43,1.57,0,0,0,0.0,32.73,0.81,3.83,0.508,0.0,0.099,0.347,0.035,0,0
319,2021-02-03,-1.09,-1.19,5.0,-3.8,-13.6,2.8,0.8,27.06,2.48,7.88,10.98,12,0.0,-5.71,0,0,0,0.0,32.75,0.5,4.3,0.497,0.037,0.0,0.377,0.035,0,0
320,2021-02-02,-1.71,-2.1,0.0,-4.2,-6.7,-1.3,2.0,27.34,2.86,7.88,10.95,13,0.0,-0.66,0,0,0,0.0,32.73,0.8,3.55,0.51,0.044,0.0,0.373,0.037,0,0
321,2021-02-01,-2.14,-2.51,0.5,4.6,-1.6,9.7,1.0,27.43,3.01,7.89,11.0,13,0.0,5.19,0,0,0,0.0,32.7,0.51,3.47,0.544,0.041,0.0,0.358,0.038,0,0
322,2021-01-31,-2.76,-3.2,0.0,2.4,-8.0,11.3,0.6,26.97,2.42,7.89,11.02,10,0.0,1.02,0,0,0,0.0,32.69,1.18,3.75,0.413,0.042,0.0,0.321,0.039,0,0
323,2021-01-30,-2.96,-3.23,0.0,-1.4,-10.9,7.6,0.9,26.32,1.67,7.88,11.11,7,0.0,-5.11,0,0,0,0.0,32.59,1.14,3.79,0.425,0.042,0.088,0.294,0.038,0,0
324,2021-01-29,-3.31,-3.59,0.0,-8.0,-11.6,-2.9,1.8,26.7,2.07,7.88,10.95,6,0.0,-6.48,0,0,0,0.0,32.69,0.35,2.94,0.477,0.048,0.098,0.266,0.038,0,0
325,2021-01-28,-2.38,-1.9,2.5,-2.8,-8.3,3.6,2.7,27.6,3.26,7.9,10.92,4,0.0,1.93,0,0,0,0.0,32.66,0.24,2.71,0.484,0.043,0.08,0.295,0.039,0,0
326,2021-01-27,-2.22,-1.08,0.0,-0.1,-6.7,7.5,0.7,26.77,3.39,7.88,10.89,2,0.0,2.91,0,0,0,0.0,32.49,0.49,2.41,0.45,0.048,0.109,0.289,0.038,0,0
327,2021-01-26,-1.63,0.09,0.5,3.2,-1.7,6.6,0.4,26.61,3.3,7.87,11.03,2,0.0,3.8,0,0,0,0.0,32.36,0.33,1.79,0.447,0.0,0.112,0.297,0.039,0,0
328,2021-01-25,-0.98,0.72,0.0,4.8,-2.8,14.8,0.5,26.7,3.09,7.85,10.86,2,0.0,4.52,0,0,0,0.0,32.39,0.21,2.17,0.458,0.047,0.126,0.26,0.037,0,0
329,2021-01-24,-0.91,1.28,0.0,4.1,-2.5,13.8,0.6,26.24,3.41,7.85,10.71,1,0.0,5.48,0,0,0,0.0,32.12,0.05,2.06,0.448,0.048,0.118,0.272,0.038,0,0
330,2021-01-23,-1.03,1.25,0.0,6.8,0.0,13.1,1.1,26.67,2.84,7.85,10.86,2,1.08,5.36,0,0,0,0.0,32.33,0.31,2.49,0.426,0.045,0.118,0.265,0.038,0,0
331,2021-01-22,-0.93,1.15,0.5,5.2,3.4,7.0,0.5,26.82,2.6,7.81,10.94,4,0.0,3.31,0,0,0,0.0,32.38,0.1,2.2,0.401,0.048,0.127,0.258,0.037,0,0
332,2021-01-21,-0.91,0.95,10.0,4.4,-0.7,9.1,0.4,27.03,2.34,7.88,10.9,4,0.0,1.79,0,0,0,0.0,32.48,0.34,2.4,0.432,0.047,0.122,0.238,0.036,0,0
333,2021-01-20,-0.97,0.41,0.0,-2.3,-11.9,8.3,0.5,27.14,2.0,7.88,11.05,5,0.0,-3.18,0,0,0,0.0,32.49,0.02,3.01,0.49,0.039,0.129,0.213,0.038,0,0
334,2021-01-19,-1.01,-0.66,0.0,-7.5,-14.0,-0.3,0.6,27.12,2.07,7.88,10.95,8,0.0,-7.03,0,0,0,0.0,32.48,0.16,3.08,0.358,0.042,0.122,0.188,0.039,0,0
335,2021-01-18,-1.1,-1.09,0.0,-3.3,-8.4,3.0,1.6,26.68,2.26,7.88,11.0,9,0.0,-0.04,0,0,0,0.0,32.47,0.46,3.09,0.393,0.041,0.13,0.0,0.04,0,0
336,2021-01-17,-1.86,-2.16,0.5,-5.4,-14.7,0.1,0.7,26.52,1.97,7.86,11.03,10,0.0,-5.94,0,0,0,0.0,32.55,0.99,3.63,0.401,0.042,0.127,0.0,0.04,0,0
337,2021-01-16,-2.34,-2.84,0.0,-3.9,-7.5,-0.5,1.7,26.94,2.5,7.87,10.99,9,0.0,-0.32,0,0,0,0.0,32.57,0.35,2.83,0.371,0.045,0.125,0.0,0.038,0,0
338,2021-01-15,-2.7,-3.04,0.0,3.9,-3.6,11.5,1.0,26.84,2.34,7.86,11.01,9,0.0,2.4,0,0,0,0.0,32.6,0.71,2.83,0.357,0.044,0.125,0.0,0.039,0,0
339,2021-01-14,-3.06,-3.22,0.0,-0.6,-8.7,8.6,0.6,26.3,1.83,7.85,11.16,7,0.0,1.83,0,0,0,0.0,32.4,0.71,3.01,0.364,0.041,0.141,0.0,0.036,0,0
340,2021-01-13,-2.6,-2.34,0.0,0.5,-8.6,9.2,0.7,26.36,1.85,7.85,10.95,8,0.0,-0.82,0,0,0,0.0,32.46,0.05,3.15,0.331,0.044,0.133,0.116,0.035,0,0
341,2021-01-12,-2.54,-1.22,1.0,-4.9,-13.9,1.6,0.5,26.36,1.78,7.82,10.95,5,0.0,-3.55,0,0,0,0.0,32.53,0.14,2.87,0.457,0.045,0.142,0.164,0.038,0,0
342,2021-01-11,-2.48,0.05,0.0,-8.8,-14.9,-2.8,0.3,26.09,1.34,7.8,11.03,5,0.0,-3.64,0,0,0,0.0,32.62,0.0,2.73,0.504,0.043,0.113,0.177,0.039,0,0
343,2021-01-10,-2.07,1.27,0.0,-10.0,-19.3,-1.7,0.4,26.0,1.31,7.79,10.96,5,0.0,-8.65,0,0,0,0.0,32.53,0.0,3.66,0.609,0.039,0.107,0.108,0.038,0,0
344,2021-01-09,-1.7,2.07,0.0,-13.6,-21.5,-6.1,0.7,26.22,1.54,7.8,10.83,6,0.0,-12.42,0,0,0,0.0,32.6,0.0,5.28,0.752,0.036,0.112,0.142,0.035,0,0
345,2021-01-08,-1.54,1.94,0.0,-13.6,-17.9,-9.0,1.3,26.66,2.05,7.81,10.77,7,0.0,-13.04,0,0,0,0.0,32.66,1.01,5.18,0.483,0.038,0.097,0.132,0.033,0,0
346,2021-01-07,-1.11,2.11,0.0,-12.7,-15.7,-8.3,2.3,27.62,3.32,7.83,10.52,4,0.0,-6.43,0,0,0,0.0,32.63,0.49,2.66,0.571,0.046,0.112,0.149,0.036,0,0
347,2021-01-06,-1.03,0.54,1.0,-7.7,-15.7,-1.3,1.1,27.83,3.61,7.83,10.5,4,0.0,-6.21,0,0,0,0.0,32.62,0.01,2.75,0.458,0.044,0.101,0.166,0.036,0,0
348,2021-01-05,-1.0,-0.08,0.0,-4.4,-9.3,-0.4,1.5,28.18,4.06,7.83,10.42,6,0.0,-0.26,0,0,0,0.0,32.61,0.69,2.69,0.488,0.042,0.111,0.245,0.038,0,0
349,2021-01-04,-1.12,-1.14,0.0,-4.5,-12.7,1.9,0.5,28.18,4.09,7.83,10.35,6,0.0,-2.12,0,0,0,0.0,32.58,0.69,2.59,0.479,0.041,0.098,0.0,0.038,0,0
350,2021-01-03,-1.76,-2.07,0.0,-6.6,-13.5,0.8,0.5,27.86,3.74,7.82,10.43,9,0.0,-3.54,0,0,0,0.0,32.52,1.14,2.88,0.506,0.045,0.103,0.213,0.04,0,0
351,2021-01-02,-2.26,-2.67,0.0,-4.4,-12.0,0.5,1.0,28.12,4.07,7.83,10.37,7,0.0,-0.84,0,0,0,0.0,32.54,0.38,2.79,0.521,0.041,0.119,0.214,0.041,0,0
352,2021-01-01,-2.8,-3.15,0.0,-5.3,-13.2,1.5,0.4,27.64,3.53,7.82,10.42,5,0.0,-4.37,0,0,0,0.0,32.45,1.25,3.52,0.542,0.041,0.099,0.215,0.035,0,0
