일자(연월일),표준유역코드,표준유역,중권역코드,중권역,대권역코드,대권역,강수량(mm)
2020-08-01,100101,광동댐,1001,남한강상류,101,남한강,7.9
2020-08-01,100102,광동댐하류,1001,남한강상류,101,남한강,8.8
2020-08-01,100103,임계천,1001,남한강상류,101,남한강,9.3
2020-08-01,100104,골지천중류,1001,남한강상류,101,남한강,12
2020-08-01,100105,도암댐,1001,남한강상류,101,남한강,5.2
2020-08-01,100106,송천,1001,남한강상류,101,남한강,6.2
2020-08-01,100107,골지천하류,1001,남한강상류,101,남한강,12
2020-08-01,100108,오대천상류,1001,남한강상류,101,남한강,12.4
2020-08-01,100109,오대천하류,1001,남한강상류,101,남한강,12.6
2020-08-01,100110,어천상류,1001,남한강상류,101,남한강,7.2
2020-08-01,100111,어천하류,1001,남한강상류,101,남한강,9.5
2020-08-01,100112,정선,1001,남한강상류,101,남한강,10.3
2020-08-01,100113,지장천상류,1001,남한강상류,101,남한강,6.7
2020-08-01,100114,지장천하류,1001,남한강상류,101,남한강,11.1
2020-08-01,100115,창리천,1001,남한강상류,101,남한강,13.7
2020-08-01,100116,석항천,1001,남한강상류,101,남한강,20.5
2020-08-01,100117,영월,1001,남한강상류,101,남한강,23.3
2020-08-01,100201,흥정천,1002,평창강,101,남한강,18.3
2020-08-01,100202,평창강상류,1002,평창강,101,남한강,13.2
2020-08-01,100203,대화천,1002,평창강,101,남한강,13.6
2020-08-01,100204,계촌천,1002,평창강,101,남한강,20.8
2020-08-01,100205,평창수위표,1002,평창강,101,남한강,14
2020-08-01,100206,평창강중류,1002,평창강,101,남한강,17.8
2020-08-01,100207,주천강시점,1002,평창강,101,남한강,31.7
2020-08-01,100208,주천강상류,1002,평창강,101,남한강,55.3
2020-08-01,100209,주천강중류,1002,평창강,101,남한강,23.8
2020-08-01,100210,주천강하류,1002,평창강,101,남한강,22.1
2020-08-01,100211,쌍용천,1002,평창강,101,남한강,22.9
2020-08-01,100212,문곡천,1002,평창강,101,남한강,26
2020-08-01,100213,평창강하류,1002,평창강,101,남한강,32.5
2020-08-01,100301,평창강합류후,1003,충주댐,101,남한강,23.6
2020-08-01,100302,옥동천상류,1003,충주댐,101,남한강,12.2
2020-08-01,100303,옥동천중류,1003,충주댐,101,남한강,14.2
2020-08-01,100304,내린천,1003,충주댐,101,남한강,13.1
2020-08-01,100305,옥동천하류,1003,충주댐,101,남한강,12.1
2020-08-01,100306,사이곡천합류전,1003,충주댐,101,남한강,11.4
2020-08-01,100307,하일천합류후,1003,충주댐,101,남한강,15
2020-08-01,100308,매포천,1003,충주댐,101,남한강,18
2020-08-01,100309,죽령천,1003,충주댐,101,남한강,15.5
2020-08-01,100310,단양천합류후,1003,충주댐,101,남한강,15.1
2020-08-01,100311,단양천,1003,충주댐,101,남한강,22.8
2020-08-01,100312,충주댐상류,1003,충주댐,101,남한강,20
2020-08-01,100313,제천천상류,1003,충주댐,101,남한강,23.8
2020-08-01,100314,장평천,1003,충주댐,101,남한강,17.7
2020-08-01,100315,제천천하류,1003,충주댐,101,남한강,20
2020-08-01,100316,원서천,1003,충주댐,101,남한강,20.7
2020-08-01,100317,광천,1003,충주댐,101,남한강,23.1
2020-08-01,100318,동달천,1003,충주댐,101,남한강,26.8
2020-08-01,100319,충주댐,1003,충주댐,101,남한강,22.8
2020-08-01,100320,충주댐하류,1003,충주댐,101,남한강,22.4
2020-08-01,100401,달천상류,1004,달천,101,남한강,18.7
2020-08-01,100402,감천,1004,달천,101,남한강,26.2
2020-08-01,100403,압항천합류전,1004,달천,101,남한강,24.6
2020-08-01,100404,압항천,1004,달천,101,남한강,22.6
2020-08-01,100405,화양천,1004,달천,101,남한강,23.5
2020-08-01,100406,괴산댐,1004,달천,101,남한강,22.2
2020-08-01,100407,쌍천,1004,달천,101,남한강,25.2
2020-08-01,100408,동진천,1004,달천,101,남한강,19.9
2020-08-01,100409,괴산댐하류,1004,달천,101,남한강,19.8
2020-08-01,100410,음성천,1004,달천,101,남한강,21.8
2020-08-01,100411,석문동천합류전,1004,달천,101,남한강,21.9
2020-08-01,100412,석문동천,1004,달천,101,남한강,26.7
2020-08-01,100413,요도천,1004,달천,101,남한강,30
2020-08-01,100414,달천하류,1004,달천,101,남한강,21.9
2020-08-01,100501,충주조정지댐,1005,충주댐하류,101,남한강,31.3
2020-08-01,100502,목계수위표,1005,충주댐하류,101,남한강,25.9
2020-08-01,100503,운계천합류전,1005,충주댐하류,101,남한강,35.1
2020-08-01,100504,운계천,1005,충주댐하류,101,남한강,22.6
2020-08-01,100505,섬강합류전,1005,충주댐하류,101,남한강,17
2020-08-01,100601,횡성댐,1006,섬강,101,남한강,24
2020-08-01,100602,횡성댐하류,1006,섬강,101,남한강,23.5
2020-08-01,100603,금계천,1006,섬강,101,남한강,32.7
2020-08-01,100604,전천,1006,섬강,101,남한강,59.5
2020-08-01,100605,원주천합류전,1006,섬강,101,남한강,40.6
2020-08-01,100606,원주천,1006,섬강,101,남한강,35.2
2020-08-01,100607,삼산천,1006,섬강,101,남한강,17.4
2020-08-01,100608,간현수위표,1006,섬강,101,남한강,26.8
2020-08-01,100609,서곡천,1006,섬강,101,남한강,28.5
2020-08-01,100610,섬강하류,1006,섬강,101,남한강,25.3
2020-08-01,100701,청미천상류,1007,남한강하류,101,남한강,26.6
2020-08-01,100702,죽산천,1007,남한강하류,101,남한강,24.8
2020-08-01,100703,청미천중류,1007,남한강하류,101,남한강,21.1
2020-08-01,100704,응천,1007,남한강하류,101,남한강,21.5
2020-08-01,100705,청미수위표,1007,남한강하류,101,남한강,19.5
2020-08-01,100706,강천보,1007,남한강하류,101,남한강,20
2020-08-01,100707,금당천,1007,남한강하류,101,남한강,23.6
2020-08-01,100708,여주수위표,1007,남한강하류,101,남한강,25.3
2020-08-01,100709,여주보,1007,남한강하류,101,남한강,32.1
2020-08-01,100710,양화천,1007,남한강하류,101,남한강,27.8
2020-08-01,100711,이포보,1007,남한강하류,101,남한강,40.6
2020-08-01,100712,복하천상류,1007,남한강하류,101,남한강,27.8
2020-08-01,100713,복하천중류,1007,남한강하류,101,남한강,26.5
2020-08-01,100714,복하천하류,1007,남한강하류,101,남한강,30.9
2020-08-01,100715,흑천합류전,1007,남한강하류,101,남한강,41.2
2020-08-01,100716,흑천상류,1007,남한강하류,101,남한강,59.2
2020-08-01,100717,흑천하류,1007,남한강하류,101,남한강,71
2020-08-01,100718,양평수위표,1007,남한강하류,101,남한강,50.6
2020-08-01,100719,남한강하류,1007,남한강하류,101,남한강,52.8
2020-08-01,100801,신명리댐,1008,금강산댐,102,북한강,13
2020-08-01,100802,신명리댐하류,1008,금강산댐,102,북한강,26.5
2020-08-01,100803,사두포천,1008,금강산댐,102,북한강,44.5
2020-08-01,100804,이포리하천,1008,금강산댐,102,북한강,47.2
2020-08-01,100805,창도군,1008,금강산댐,102,북한강,25.1
2020-08-01,100806,금강산댐상류,1008,금강산댐,102,북한강,19.1
2020-08-01,100807,가성리하천,1008,금강산댐,102,북한강,29
2020-08-01,100808,현리하천,1008,금강산댐,102,북한강,13
2020-08-01,100809,동금강천상류,1008,금강산댐,102,북한강,7.8
2020-08-01,100810,초거리하천,1008,금강산댐,102,북한강,9.9
2020-08-01,100811,동금강천하류,1008,금강산댐,102,북한강,13
2020-08-01,100812,금강천,1008,금강산댐,102,북한강,12.9
2020-08-01,100813,금강산댐,1008,금강산댐,102,북한강,14.3
2020-08-01,100901,금성천상류,1009,평화의댐,102,북한강,42.3
2020-08-01,100902,금성천하류,1009,평화의댐,102,북한강,27
2020-08-01,100903,평화의댐,1009,평화의댐,102,북한강,11.3
2020-08-01,100904,평화의댐하류,1009,평화의댐,102,북한강,10.6
2020-08-01,101001,수입천상류,1010,춘천댐,102,북한강,16.1
2020-08-01,101002,건솔리하천,1010,춘천댐,102,북한강,12.5
2020-08-01,101003,수입천하류,1010,춘천댐,102,북한강,16.5
2020-08-01,101004,서천,1010,춘천댐,102,북한강,13.7
2020-08-01,101005,양구서천,1010,춘천댐,102,북한강,15.5
2020-08-01,101006,화천댐,1010,춘천댐,102,북한강,19.3
2020-08-01,101007,화천댐하류,1010,춘천댐,102,북한강,15.5
2020-08-01,101008,화천천,1010,춘천댐,102,북한강,21.1
2020-08-01,101009,춘천댐상류,1010,춘천댐,102,북한강,18.6
2020-08-01,101010,지촌천,1010,춘천댐,102,북한강,22.8
2020-08-01,101011,춘천댐,1010,춘천댐,102,북한강,27.1
2020-08-01,101012,춘천댐하류,1010,춘천댐,102,북한강,27.5
2020-08-01,101101,인북천상류,1011,인북천,102,북한강,12.4
2020-08-01,101102,인북천중류,1011,인북천,102,북한강,13.1
2020-08-01,101103,북천,1011,인북천,102,북한강,7.9
2020-08-01,101104,인북천하류,1011,인북천,102,북한강,12.4
2020-08-01,101201,내린천상류,1012,소양강,102,북한강,24.4
2020-08-01,101202,방내천,1012,소양강,102,북한강,30.2
2020-08-01,101203,내린천하류,1012,소양강,102,북한강,17
2020-08-01,101204,방태천,1012,소양강,102,북한강,15.5
2020-08-01,101205,소양강상류,1012,소양강,102,북한강,13.8
2020-08-01,101206,양구교수위표,1012,소양강,102,북한강,13.5
2020-08-01,101207,소양강댐,1012,소양강,102,북한강,22.5
2020-08-01,101208,소양강댐하류,1012,소양강,102,북한강,22.7
2020-08-01,101301,공지천,1013,의암댐,102,북한강,25
2020-08-01,101302,의암댐,1013,의암댐,102,북한강,28.8
2020-08-01,101303,팔미천,1013,의암댐,102,북한강,30.6
2020-08-01,101304,가평수위표,1013,의암댐,102,북한강,33.3
2020-08-01,101305,가평천상류,1013,의암댐,102,북한강,38.1
2020-08-01,101306,가평천하류,1013,의암댐,102,북한강,42.2
2020-08-01,101307,청평댐상류,1013,의암댐,102,북한강,38.8
2020-08-01,101401,내촌천상류,1014,홍천강,102,북한강,47.5
2020-08-01,101402,내촌천하류,1014,홍천강,102,북한강,48.6
2020-08-01,101403,홍천강상류,1014,홍천강,102,북한강,29.9
2020-08-01,101404,화촌수위표,1014,홍천강,102,북한강,49
2020-08-01,101405,군업천,1014,홍천강,102,북한강,49
2020-08-01,101406,덕치천합류전,1014,홍천강,102,북한강,50.1
2020-08-01,101407,덕치천,1014,홍천강,102,북한강,51.1
2020-08-01,101408,홍천수위표,1014,홍천강,102,북한강,53.2
2020-08-01,101409,성동천,1014,홍천강,102,북한강,49.7
2020-08-01,101410,양덕원천합류전,1014,홍천강,102,북한강,59.4
2020-08-01,101411,양덕원천,1014,홍천강,102,북한강,58.4
2020-08-01,101412,서면수위표,1014,홍천강,102,북한강,64.2
2020-08-01,101413,중방대천,1014,홍천강,102,북한강,71.9
2020-08-01,101414,홍천강하류,1014,홍천강,102,북한강,42.5
2020-08-01,101501,미원천,1015,청평댐,102,북한강,65.7
2020-08-01,101502,청평댐,1015,청평댐,102,북한강,56.4
2020-08-01,101503,조종천상류,1015,청평댐,102,북한강,43.8
2020-08-01,101504,조종천하류,1015,청평댐,102,북한강,51.5
2020-08-01,101505,구운천,1015,청평댐,102,북한강,61.7
2020-08-01,101506,청평댐하류,1015,청평댐,102,북한강,70
2020-08-01,101507,벽계천,1015,청평댐,102,북한강,65.6
2020-08-01,101508,북한강하류,1015,청평댐,102,북한강,61.5
2020-08-01,101601,경안천상류,1016,경안천,103,팔당댐하류,33.9
2020-08-01,101602,오산천,1016,경안천,103,팔당댐하류,34.2
2020-08-01,101603,경안수위표,1016,경안천,103,팔당댐하류,51.6
2020-08-01,101604,곤지암천,1016,경안천,103,팔당댐하류,34.9
2020-08-01,101605,경안천하류,1016,경안천,103,팔당댐하류,54.5
2020-08-01,101701,팔당댐,1017,팔당댐,103,팔당댐하류,53.1
2020-08-01,101801,팔당댐하류,1018,한강서울,103,팔당댐하류,44.5
2020-08-01,101802,퇴계원수위표,1018,한강서울,103,팔당댐하류,45.4
2020-08-01,101803,왕숙천,1018,한강서울,103,팔당댐하류,43.1
2020-08-01,101804,탄천상류,1018,한강서울,103,팔당댐하류,32.7
2020-08-01,101805,성남수위표,1018,한강서울,103,팔당댐하류,35.3
2020-08-01,101806,탄천하류,1018,한강서울,103,팔당댐하류,45.7
2020-08-01,101807,중랑천합류전,1018,한강서울,103,팔당댐하류,41.4
2020-08-01,101808,중랑천상류,1018,한강서울,103,팔당댐하류,46.7
2020-08-01,101809,청계천,1018,한강서울,103,팔당댐하류,28.2
2020-08-01,101810,중랑천하류,1018,한강서울,103,팔당댐하류,34.6
2020-08-01,101811,한강대교수위표,1018,한강서울,103,팔당댐하류,55.8
2020-08-01,101812,홍제천합류전,1018,한강서울,103,팔당댐하류,32.5
2020-08-01,101813,홍제천,1018,한강서울,103,팔당댐하류,28.4
2020-08-01,101814,안양천상류,1018,한강서울,103,팔당댐하류,35
2020-08-01,101815,안양천중류,1018,한강서울,103,팔당댐하류,46.7
2020-08-01,101816,안양천하류,1018,한강서울,103,팔당댐하류,43.7
2020-08-01,101901,창릉천,1019,한강고양,103,팔당댐하류,19.9
2020-08-01,101902,행주대교수위표,1019,한강고양,103,팔당댐하류,22.3
2020-08-01,101903,계양천합류후,1019,한강고양,103,팔당댐하류,51.1
2020-08-01,101904,공릉천상류,1019,한강고양,103,팔당댐하류,30.8
2020-08-01,101905,공릉천하류,1019,한강고양,103,팔당댐하류,95.2
2020-08-01,101906,임진강합류전,1019,한강고양,103,팔당댐하류,65.1
2020-08-01,101907,굴포천,1019,한강고양,103,팔당댐하류,25.8
2020-08-01,101908,아라천,1019,한강고양,103,팔당댐하류,38.9
2020-08-01,102001,임진강상류,1020,고미탄천,104,임진강,56
2020-08-01,102002,고미탄천합류후,1020,고미탄천,104,임진강,56
2020-08-01,102003,고미탄천상류,1020,고미탄천,104,임진강,56.7
2020-08-01,102004,용지천,1020,고미탄천,104,임진강,63.6
2020-08-01,102005,고미탄천하류,1020,고미탄천,104,임진강,56
2020-08-01,102101,이천수위표,1021,임진강상류,104,임진강,53.5
2020-08-01,102102,평안천합류후,1021,임진강상류,104,임진강,51.8
2020-08-01,102103,평안천상류,1021,임진강상류,104,임진강,60.7
2020-08-01,102104,평안천하류,1021,임진강상류,104,임진강,55.7
2020-08-01,102105,역곡천합류후,1021,임진강상류,104,임진강,57.5
2020-08-01,102106,봉래호,1021,임진강상류,104,임진강,59.8
2020-08-01,102107,역곡천,1021,임진강상류,104,임진강,57.9
2020-08-01,102108,군남홍수조절지,1021,임진강상류,104,임진강,61.1
2020-08-01,102109,한탄강합류후,1021,임진강상류,104,임진강,70
2020-08-01,102201,한탄강상류,1022,한탄강,104,임진강,67.2
2020-08-01,102202,화강,1022,한탄강,104,임진강,49.4
2020-08-01,102203,대교천합류후,1022,한탄강,104,임진강,70.5
2020-08-01,102204,부소천합류후,1022,한탄강,104,임진강,59.3
2020-08-01,102205,한탄강댐,1022,한탄강,104,임진강,67.6
2020-08-01,102206,영평천상류,1022,한탄강,104,임진강,34.7
2020-08-01,102207,수입천,1022,한탄강,104,임진강,34.4
2020-08-01,102208,포천천상류,1022,한탄강,104,임진강,37.5
2020-08-01,102209,포천천하류,1022,한탄강,104,임진강,35.9
2020-08-01,102210,영평천하류,1022,한탄강,104,임진강,52.9
2020-08-01,102211,신천상류,1022,한탄강,104,임진강,66.2
2020-08-01,102212,청담천,1022,한탄강,104,임진강,59.3
2020-08-01,102213,신천하류,1022,한탄강,104,임진강,71.3
2020-08-01,102214,차탄천,1022,한탄강,104,임진강,68.5
2020-08-01,102215,한탄강하류,1022,한탄강,104,임진강,80.1
2020-08-01,102301,적성수위표,1023,임진강하류,104,임진강,107.6
2020-08-01,102302,사미천,1023,임진강하류,104,임진강,94.1
2020-08-01,102303,눌노천합류후,1023,임진강하류,104,임진강,118.4
2020-08-01,102304,문산천합류후,1023,임진강하류,104,임진강,113.5
2020-08-01,102305,문산천상류,1023,임진강하류,104,임진강,76.6
2020-08-01,102306,문산천하류,1023,임진강하류,104,임진강,105.4
2020-08-01,102307,백전리하천,1023,임진강하류,104,임진강,108
2020-08-01,102308,사천,1023,임진강하류,104,임진강,107.5
2020-08-01,102309,임진강하류,1023,임진강하류,104,임진강,110.6
2020-08-01,102401,한강하류,1024,한강하류,103,팔당댐하류,80.7
2020-08-01,110101,안성천상류,1101,안성천,111,안성천,15.9
2020-08-01,110102,고삼댐,1101,안성천,111,안성천,25.6
2020-08-01,110103,한천,1101,안성천,111,안성천,19
2020-08-01,110104,청룡천,1101,안성천,111,안성천,10
2020-08-01,110105,입장천,1101,안성천,111,안성천,12.9
2020-08-01,110106,성환천,1101,안성천,111,안성천,11.8
2020-08-01,110107,평택수위표,1101,안성천,111,안성천,6
2020-08-01,110108,진위천합류전,1101,안성천,111,안성천,3.9
2020-08-01,110109,이동댐,1101,안성천,111,안성천,34
2020-08-01,110110,기흥댐,1101,안성천,111,안성천,33.7
2020-08-01,110111,오산천,1101,안성천,111,안성천,33.5
2020-08-01,110112,황구지천상류,1101,안성천,111,안성천,29.1
2020-08-01,110113,황구지천하류,1101,안성천,111,안성천,33.3
2020-08-01,110114,동연교수위표,1101,안성천,111,안성천,31.4
2020-08-01,110115,진위천,1101,안성천,111,안성천,10
2020-08-01,110116,아산방조제상류,1101,안성천,111,안성천,0.7
2020-08-01,110117,둔포천,1101,안성천,111,안성천,5
2020-08-01,110118,아산방조제,1101,안성천,111,안성천,5.4
2020-08-01,120101,포내천,1201,한강서해,121,한강서해,41.5
2020-08-01,120102,공촌천,1201,한강서해,121,한강서해,36.3
2020-08-01,120103,장수천,1201,한강서해,121,한강서해,36.8
2020-08-01,120104,삼동암천,1201,한강서해,121,한강서해,48.2
2020-08-01,120105,삼흥천,1201,한강서해,121,한강서해,50.5
2020-08-01,120106,강화도,1201,한강서해,121,한강서해,64.6
2020-08-01,120107,영종도,1201,한강서해,121,한강서해,14.5
2020-08-01,120108,웅진군,1201,한강서해,121,한강서해,12.5
2020-08-01,120201,화정천,1202,시화호,121,한강서해,37.4
2020-08-01,120202,반월천,1202,시화호,121,한강서해,30.9
2020-08-01,120203,송산면,1202,시화호,121,한강서해,25.2
2020-08-01,120204,시화방조제,1202,시화호,121,한강서해,35.8
2020-08-01,120205,자안천,1202,시화호,121,한강서해,22.6
2020-08-01,120206,남양방조제,1202,시화호,121,한강서해,17.4
2020-08-01,130101,현내면,1301,양양남대천,131,한강동해,2.3
2020-08-01,130102,자산천,1301,양양남대천,131,한강동해,4.3
2020-08-01,130103,북천,1301,양양남대천,131,한강동해,7.7
2020-08-01,130104,남천,1301,양양남대천,131,한강동해,4.4
2020-08-01,130105,청초천,1301,양양남대천,131,한강동해,5.6
2020-08-01,130106,후천,1301,양양남대천,131,한강동해,12.3
2020-08-01,130107,양양남대천,1301,양양남대천,131,한강동해,12.9
2020-08-01,130108,상운천,1301,양양남대천,131,한강동해,6.6
2020-08-01,130109,남강,1301,양양남대천,131,한강동해,6.3
2020-08-01,130201,연곡천,1302,강릉남대천,131,한강동해,6.2
2020-08-01,130202,사천천,1302,강릉남대천,131,한강동해,2.3
2020-08-01,130203,오봉댐,1302,강릉남대천,131,한강동해,4
2020-08-01,130204,강릉남대천,1302,강릉남대천,131,한강동해,1.5
2020-08-01,130205,군선천,1302,강릉남대천,131,한강동해,2.7
2020-08-01,130206,주수천,1302,강릉남대천,131,한강동해,4.1
2020-08-01,130207,전천,1302,강릉남대천,131,한강동해,4
2020-08-01,130301,삼척오십천상류,1303,삼척오십천,131,한강동해,6.6
2020-08-01,130302,삼척오십천하류,1303,삼척오십천,131,한강동해,3.4
2020-08-01,130303,마읍천,1303,삼척오십천,131,한강동해,4
2020-08-01,130304,호산천,1303,삼척오십천,131,한강동해,9.3
2020-08-01,130305,가곡천,1303,삼척오십천,131,한강동해,10.6
2020-08-01,200101,황지천,2001,안동댐,201,낙동강상류,9.3
2020-08-01,200102,낙동강상류,2001,안동댐,201,낙동강상류,8.2
2020-08-01,200103,소천수위표,2001,안동댐,201,낙동강상류,7.8
2020-08-01,200104,현동천,2001,안동댐,201,낙동강상류,10.6
2020-08-01,200105,재산천합류전,2001,안동댐,201,낙동강상류,13.8
2020-08-01,200106,운곡천합류전,2001,안동댐,201,낙동강상류,13.6
2020-08-01,200107,운곡천,2001,안동댐,201,낙동강상류,15.1
2020-08-01,200108,도산수위표,2001,안동댐,201,낙동강상류,13.3
2020-08-01,200109,안동댐상류,2001,안동댐,201,낙동강상류,10.6
2020-08-01,200110,동계천,2001,안동댐,201,낙동강상류,10.5
2020-08-01,200111,안동댐,2001,안동댐,201,낙동강상류,9.6
2020-08-01,200112,안동댐역조정지,2001,안동댐,201,낙동강상류,7
2020-08-01,200201,반변천상류,2002,임하댐,201,낙동강상류,10
2020-08-01,200202,장파천,2002,임하댐,201,낙동강상류,9.1
2020-08-01,200203,동천합류전,2002,임하댐,201,낙동강상류,5.9
2020-08-01,200204,동천,2002,임하댐,201,낙동강상류,5.8
2020-08-01,200205,화매천합류전,2002,임하댐,201,낙동강상류,5
2020-08-01,200206,화매천,2002,임하댐,201,낙동강상류,4.1
2020-08-01,200207,임하댐상류,2002,임하댐,201,낙동강상류,2.2
2020-08-01,200208,용전천상류,2002,임하댐,201,낙동강상류,0.5
2020-08-01,200209,괘천합류후,2002,임하댐,201,낙동강상류,0.4
2020-08-01,200210,용전천하류,2002,임하댐,201,낙동강상류,0.2
2020-08-01,200211,임하댐,2002,임하댐,201,낙동강상류,3.8
2020-08-01,200212,성덕댐,2002,임하댐,201,낙동강상류,0.4
2020-08-01,200213,길안천상류,2002,임하댐,201,낙동강상류,0.2
2020-08-01,200214,길안수위표,2002,임하댐,201,낙동강상류,0.2
2020-08-01,200215,길안천하류,2002,임하댐,201,낙동강상류,0.4
2020-08-01,200216,반변천하류,2002,임하댐,201,낙동강상류,3.6
2020-08-01,200301,송야천,2003,안동댐하류,201,낙동강상류,6.2
2020-08-01,200302,미천상류,2003,안동댐하류,201,낙동강상류,0
2020-08-01,200303,미천하류,2003,안동댐하류,201,낙동강상류,2.5
2020-08-01,200304,안동댐역조정지하류,2003,안동댐하류,201,낙동강상류,5.6
2020-08-01,200305,신역천,2003,안동댐하류,201,낙동강상류,14.6
2020-08-01,200306,광산천합류전,2003,안동댐하류,201,낙동강상류,17.9
2020-08-01,200307,광산천,2003,안동댐하류,201,낙동강상류,16.3
2020-08-01,200308,내성천합류전,2003,안동댐하류,201,낙동강상류,1.8
2020-08-01,200401,낙화암천,2004,내성천,201,낙동강상류,6.9
2020-08-01,200402,내성천상류,2004,내성천,201,낙동강상류,7.4
2020-08-01,200403,토일천,2004,내성천,201,낙동강상류,5.4
2020-08-01,200404,영주댐,2004,내성천,201,낙동강상류,1.5
2020-08-01,200405,서천상류,2004,내성천,201,낙동강상류,6.6
2020-08-01,200406,죽계천,2004,내성천,201,낙동강상류,6.4
2020-08-01,200407,서천하류,2004,내성천,201,낙동강상류,1.5
2020-08-01,200408,내성천중류,2004,내성천,201,낙동강상류,4.4
2020-08-01,200409,옥계천,2004,내성천,201,낙동강상류,4.2
2020-08-01,200410,월포수위표,2004,내성천,201,낙동강상류,6.2
2020-08-01,200411,한천상류,2004,내성천,201,낙동강상류,9.3
2020-08-01,200412,예천수위표,2004,내성천,201,낙동강상류,9.5
2020-08-01,200413,한천하류,2004,내성천,201,낙동강상류,6.6
2020-08-01,200414,경천댐,2004,내성천,201,낙동강상류,24
2020-08-01,200415,대하리천,2004,내성천,201,낙동강상류,22.1
2020-08-01,200416,금천,2004,내성천,201,낙동강상류,6.8
2020-08-01,200417,내성천하류,2004,내성천,201,낙동강상류,5.7
2020-08-01,200501,영강상류,2005,영강,201,낙동강상류,10.3
2020-08-01,200502,영강중류,2005,영강,201,낙동강상류,14.8
2020-08-01,200503,조령천,2005,영강,201,낙동강상류,19.1
2020-08-01,200504,점촌수위표,2005,영강,201,낙동강상류,7.2
2020-08-01,200505,이안천상류,2005,영강,201,낙동강상류,7.5
2020-08-01,200506,이안천하류,2005,영강,201,낙동강상류,4.6
2020-08-01,200507,영강하류,2005,영강,201,낙동강상류,2.9
2020-08-01,200601,병성천상류,2006,병성천,202,낙동강중류,0.7
2020-08-01,200602,북천,2006,병성천,202,낙동강중류,2.9
2020-08-01,200603,병성천하류,2006,병성천,202,낙동강중류,2
2020-08-01,200701,영강합류전,2007,낙동상주,202,낙동강중류,2.5
2020-08-01,200702,상주보,2007,낙동상주,202,낙동강중류,1.9
2020-08-01,200703,위천합류전,2007,낙동상주,202,낙동강중류,1.2
2020-08-01,200801,화북댐,2008,위천,202,낙동강중류,2
2020-08-01,200802,미성교수위표,2008,위천,202,낙동강중류,1.3
2020-08-01,200803,병천교수위표,2008,위천,202,낙동강중류,0.6
2020-08-01,200804,남천,2008,위천,202,낙동강중류,0.3
2020-08-01,200805,쌍계천합류전,2008,위천,202,낙동강중류,0
2020-08-01,200806,쌍계천상류,2008,위천,202,낙동강중류,0
2020-08-01,200807,남대천,2008,위천,202,낙동강중류,0
2020-08-01,200808,쌍계천하류,2008,위천,202,낙동강중류,0.9
2020-08-01,200809,용곡수위표,2008,위천,202,낙동강중류,0.4
2020-08-01,200810,위천,2008,위천,202,낙동강중류,0.7
2020-08-01,200901,낙단보,2009,구미보,202,낙동강중류,0.5
2020-08-01,200902,구미보,2009,구미보,202,낙동강중류,0.5
2020-08-01,201001,부항댐,2010,감천,202,낙동강중류,0.5
2020-08-01,201002,감천상류,2010,감천,202,낙동강중류,0.5
2020-08-01,201003,감천중류,2010,감천,202,낙동강중류,0.5
2020-08-01,201004,직지사천,2010,감천,202,낙동강중류,0.5
2020-08-01,201005,김천수위표,2010,감천,202,낙동강중류,0.5
2020-08-01,201006,아천,2010,감천,202,낙동강중류,0.5
2020-08-01,201007,율곡천,2010,감천,202,낙동강중류,0.8
2020-08-01,201008,감천하류,2010,감천,202,낙동강중류,0.7
2020-08-01,201101,한천합류후,2011,강정고령보,202,낙동강중류,1
2020-08-01,201102,한천,2011,강정고령보,202,낙동강중류,0.1
2020-08-01,201103,칠곡보,2011,강정고령보,202,낙동강중류,0.7
2020-08-01,201104,성주수위표,2011,강정고령보,202,낙동강중류,0.3
2020-08-01,201105,백천상류,2011,강정고령보,202,낙동강중류,0.2
2020-08-01,201106,이천,2011,강정고령보,202,낙동강중류,0.1
2020-08-01,201107,백천하류,2011,강정고령보,202,낙동강중류,0
2020-08-01,201108,강정고령보,2011,강정고령보,202,낙동강중류,0.1
2020-08-01,201201,영천댐,2012,금호강,202,낙동강중류,0.6
2020-08-01,201202,자호천,2012,금호강,202,낙동강중류,0.5
2020-08-01,201203,고촌천,2012,금호강,202,낙동강중류,0.3
2020-08-01,201204,고현천,2012,금호강,202,낙동강중류,1.7
2020-08-01,201205,신령천,2012,금호강,202,낙동강중류,3.8
2020-08-01,201206,금호강시점,2012,금호강,202,낙동강중류,0
2020-08-01,201207,금호강상류,2012,금호강,202,낙동강중류,0
2020-08-01,201208,청통천,2012,금호강,202,낙동강중류,1.7
2020-08-01,201209,오목천,2012,금호강,202,낙동강중류,0.2
2020-08-01,201210,남천,2012,금호강,202,낙동강중류,0.4
2020-08-01,201211,동촌수위표,2012,금호강,202,낙동강중류,0.2
2020-08-01,201212,공산댐,2012,금호강,202,낙동강중류,0.9
2020-08-01,201213,동화천,2012,금호강,202,낙동강중류,2.5
2020-08-01,201214,금호강중류,2012,금호강,202,낙동강중류,0.6
2020-08-01,201215,신천상류,2012,금호강,202,낙동강중류,0.2
2020-08-01,201216,신천하류,2012,금호강,202,낙동강중류,0.1
2020-08-01,201217,팔거천,2012,금호강,202,낙동강중류,2.2
2020-08-01,201218,이언천,2012,금호강,202,낙동강중류,1.1
2020-08-01,201219,금호강하류,2012,금호강,202,낙동강중류,1.6
2020-08-01,201301,성주댐,2013,회천,202,낙동강중류,0.8
2020-08-01,201302,대가천,2013,회천,202,낙동강중류,1
2020-08-01,201303,회천상류,2013,회천,202,낙동강중류,1.1
2020-08-01,201304,가야천,2013,회천,202,낙동강중류,1.4
2020-08-01,201305,묘산천,2013,회천,202,낙동강중류,0.5
2020-08-01,201306,안림천,2013,회천,202,낙동강중류,1
2020-08-01,201307,회천하류,2013,회천,202,낙동강중류,0.8
2020-08-01,201401,진천천,2014,창녕합천보,202,낙동강중류,0
2020-08-01,201402,고령교수위표,2014,창녕합천보,202,낙동강중류,0.5
2020-08-01,201403,달성보,2014,창녕합천보,202,낙동강중류,1
2020-08-01,201404,현풍수위표,2014,창녕합천보,202,낙동강중류,1
2020-08-01,201405,달창댐,2014,창녕합천보,202,낙동강중류,0.4
2020-08-01,201406,차천,2014,창녕합천보,202,낙동강중류,0.9
2020-08-01,201407,창녕합천보,2014,창녕합천보,202,낙동강중류,0.7
2020-08-01,201501,계수천,2015,합천댐,203,낙동강하류,1.2
2020-08-01,201502,황강상류,2015,합천댐,203,낙동강하류,1.5
2020-08-01,201503,거창위천상류,2015,합천댐,203,낙동강하류,1.7
2020-08-01,201504,거창위천하류,2015,합천댐,203,낙동강하류,1.8
2020-08-01,201505,합천댐상류,2015,합천댐,203,낙동강하류,1.7
2020-08-01,201506,가천천,2015,합천댐,203,낙동강하류,1.5
2020-08-01,201507,사천천,2015,합천댐,203,낙동강하류,0.8
2020-08-01,201508,합천댐,2015,합천댐,203,낙동강하류,0.5
2020-08-01,201601,합천수위표,2016,황강,203,낙동강하류,0.2
2020-08-01,201602,합천수위표하류,2016,황강,203,낙동강하류,0
2020-08-01,201603,죽고수위표,2016,황강,203,낙동강하류,0.4
2020-08-01,201604,황강합류후,2016,황강,203,낙동강하류,0
2020-08-01,201701,적포교수위표,2017,낙동창녕,203,낙동강하류,0
2020-08-01,201702,유곡천,2017,낙동창녕,203,낙동강하류,0
2020-08-01,201703,신반천,2017,낙동창녕,203,낙동강하류,0
2020-08-01,201704,마수원수위표,2017,낙동창녕,203,낙동강하류,0
2020-08-01,201705,남강합류전,2017,낙동창녕,203,낙동강하류,0
2020-08-01,201801,남강상류,2018,남강댐,203,낙동강하류,8.8
2020-08-01,201802,함양위천합류전,2018,남강댐,203,낙동강하류,6.5
2020-08-01,201803,함양위천,2018,남강댐,203,낙동강하류,4.2
2020-08-01,201804,람천,2018,남강댐,203,낙동강하류,0.9
2020-08-01,201805,임천,2018,남강댐,203,낙동강하류,1.8
2020-08-01,201806,산청수위표,2018,남강댐,203,낙동강하류,2.4
2020-08-01,201807,양천합류전,2018,남강댐,203,낙동강하류,0
2020-08-01,201808,신등천,2018,남강댐,203,낙동강하류,0.2
2020-08-01,201809,양천,2018,남강댐,203,낙동강하류,0
2020-08-01,201810,남강댐상류,2018,남강댐,203,낙동강하류,1
2020-08-01,201811,덕천강상류,2018,남강댐,203,낙동강하류,1
2020-08-01,201812,시천천,2018,남강댐,203,낙동강하류,1.4
2020-08-01,201813,덕천강하류,2018,남강댐,203,낙동강하류,1.6
2020-08-01,201814,남강댐,2018,남강댐,203,낙동강하류,1.5
2020-08-01,201901,영천강합류전,2019,남강,203,낙동강하류,0
2020-08-01,201902,영천강,2019,남강,203,낙동강하류,0
2020-08-01,201903,반성천합류후,2019,남강,203,낙동강하류,0
2020-08-01,201904,반성천,2019,남강,203,낙동강하류,0
2020-08-01,201905,정암수위표,2019,남강,203,낙동강하류,0
2020-08-01,201906,석교천,2019,남강,203,낙동강하류,0
2020-08-01,201907,의령천,2019,남강,203,낙동강하류,0
2020-08-01,201908,함안천합류전,2019,남강,203,낙동강하류,0
2020-08-01,201909,함안천,2019,남강,203,낙동강하류,0
2020-08-01,201910,남강하류,2019,남강,203,낙동강하류,0
2020-08-01,202001,진동수위표,2020,낙동밀양,203,낙동강하류,0
2020-08-01,202002,계성천,2020,낙동밀양,203,낙동강하류,0
2020-08-01,202003,광려천,2020,낙동밀양,203,낙동강하류,0
2020-08-01,202004,함안창녕보,2020,낙동밀양,203,낙동강하류,0
2020-08-01,202005,임해진수위표,2020,낙동밀양,203,낙동강하류,0
2020-08-01,202006,신천합류후,2020,낙동밀양,203,낙동강하류,0
2020-08-01,202007,청도천,2020,낙동밀양,203,낙동강하류,0
2020-08-01,202008,주천강,2020,낙동밀양,203,낙동강하류,0
2020-08-01,202009,화포천,2020,낙동밀양,203,낙동강하류,0
2020-08-01,202010,밀양강합류전,2020,낙동밀양,203,낙동강하류,0
2020-08-01,202101,운문댐,2021,밀양강,203,낙동강하류,0
2020-08-01,202102,동창천,2021,밀양강,203,낙동강하류,0
2020-08-01,202103,청도천상류,2021,밀양강,203,낙동강하류,0.2
2020-08-01,202104,청도천하류,2021,밀양강,203,낙동강하류,0
2020-08-01,202105,밀양댐,2021,밀양강,203,낙동강하류,0
2020-08-01,202106,동천,2021,밀양강,203,낙동강하류,0
2020-08-01,202107,단장천,2021,밀양강,203,낙동강하류,0
2020-08-01,202108,밀양수위표,2021,밀양강,203,낙동강하류,0
2020-08-01,202109,밀양강,2021,밀양강,203,낙동강하류,0
2020-08-01,202201,원동천합류전,2022,낙동강하구언,203,낙동강하류,0
2020-08-01,202202,월촌수위표,2022,낙동강하구언,203,낙동강하류,0
2020-08-01,202203,양산천상류,2022,낙동강하구언,203,낙동강하류,0
2020-08-01,202204,양산천하류,2022,낙동강하구언,203,낙동강하류,0
2020-08-01,202205,구포수위표,2022,낙동강하구언,203,낙동강하류,0
2020-08-01,202206,조만강,2022,낙동강하구언,203,낙동강하류,0
2020-08-01,202207,서낙동강,2022,낙동강하구언,203,낙동강하류,0
2020-08-01,202208,낙동강하구언,2022,낙동강하구언,203,낙동강하류,0
2020-08-01,210101,형산강상류,2101,형산강,211,형산강,0.2
2020-08-01,210102,대천,2101,형산강,211,형산강,0.4
2020-08-01,210103,남천,2101,형산강,211,형산강,0.2
2020-08-01,210104,덕동댐,2101,형산강,211,형산강,0.2
2020-08-01,210105,북천,2101,형산강,211,형산강,0.8
2020-08-01,210106,칠평천,2101,형산강,211,형산강,1
2020-08-01,210107,기계천,2101,형산강,211,형산강,0.9
2020-08-01,210108,안강수위표,2101,형산강,211,형산강,1
2020-08-01,210109,형산강하류,2101,형산강,211,형산강,0.2
2020-08-01,220101,조동수위표,2201,태화강,221,태화강,0
2020-08-01,220102,대암댐,2201,태화강,221,태화강,0
2020-08-01,220103,사연댐,2201,태화강,221,태화강,0
2020-08-01,220104,삼호수위표,2201,태화강,221,태화강,0
2020-08-01,220105,동천,2201,태화강,221,태화강,0
2020-08-01,220106,태화강,2201,태화강,221,태화강,0
2020-08-01,230101,청량천,2301,회야강,231,회야수영,0
2020-08-01,230102,회야댐,2301,회야강,231,회야수영,0
2020-08-01,230103,회야강,2301,회야강,231,회야수영,0
2020-08-01,230201,효암천,2302,수영강,231,회야수영,0
2020-08-01,230202,회동댐,2302,수영강,231,회야수영,0
2020-08-01,230203,수영강,2302,수영강,231,회야수영,0
2020-08-01,230204,죽성천,2302,수영강,231,회야수영,0
2020-08-01,230205,동천,2302,수영강,231,회야수영,0
2020-08-01,230206,부산천,2302,수영강,231,회야수영,0
2020-08-01,240101,부구천,2401,왕피천,241,낙동강동해,9.7
2020-08-01,240102,남대천,2401,왕피천,241,낙동강동해,6.4
2020-08-01,240103,장수포천,2401,왕피천,241,낙동강동해,9.1
2020-08-01,240104,매화천,2401,왕피천,241,낙동강동해,4.3
2020-08-01,240105,광천,2401,왕피천,241,낙동강동해,6
2020-08-01,240106,왕피천,2401,왕피천,241,낙동강동해,6.2
2020-08-01,240107,척산천,2401,왕피천,241,낙동강동해,2.4
2020-08-01,240108,남대천,2401,왕피천,241,낙동강동해,2.3
2020-08-01,240109,삼율천,2401,왕피천,241,낙동강동해,0.3
2020-08-01,240110,송천,2401,왕피천,241,낙동강동해,1.5
2020-08-01,240111,울릉도,2401,왕피천,241,낙동강동해,0
2020-08-01,240201,축산천,2402,영덕오십천,241,낙동강동해,0.5
2020-08-01,240202,영덕오십천상류,2402,영덕오십천,241,낙동강동해,0.5
2020-08-01,240203,대서천,2402,영덕오십천,241,낙동강동해,0.4
2020-08-01,240204,영덕오십천하류,2402,영덕오십천,241,낙동강동해,0.5
2020-08-01,240205,장사천,2402,영덕오십천,241,낙동강동해,0.2
2020-08-01,240206,광천,2402,영덕오십천,241,낙동강동해,0
2020-08-01,240207,용연댐,2402,영덕오십천,241,낙동강동해,0.4
2020-08-01,240208,곡강천,2402,영덕오십천,241,낙동강동해,0.1
2020-08-01,240301,동해면,2403,대종천,241,낙동강동해,0.2
2020-08-01,240302,냉천,2403,대종천,241,낙동강동해,0
2020-08-01,240303,대화천,2403,대종천,241,낙동강동해,0.1
2020-08-01,240304,대종천,2403,대종천,241,낙동강동해,0
2020-08-01,240305,하서천,2403,대종천,241,낙동강동해,0
2020-08-01,240306,수렴천,2403,대종천,241,낙동강동해,0
2020-08-01,250101,관곡천,2501,가화천,251,낙동강남해,0
2020-08-01,250102,곤양천,2501,가화천,251,낙동강남해,0.7
2020-08-01,250103,묵곡천,2501,가화천,251,낙동강남해,0
2020-08-01,250104,가화천,2501,가화천,251,낙동강남해,0
2020-08-01,250105,중선포천,2501,가화천,251,낙동강남해,0
2020-08-01,250106,사천강,2501,가화천,251,낙동강남해,0
2020-08-01,250107,죽천천,2501,가화천,251,낙동강남해,0
2020-08-01,250108,삼천포천,2501,가화천,251,낙동강남해,0
2020-08-01,250109,학림천,2501,가화천,251,낙동강남해,0
2020-08-01,250201,정포천,2502,남해도,251,낙동강남해,0
2020-08-01,250202,대곡천,2502,남해도,251,낙동강남해,0
2020-08-01,250203,금평천,2502,남해도,251,낙동강남해,0
2020-08-01,250204,화천,2502,남해도,251,낙동강남해,0
2020-08-01,250205,창선천,2502,남해도,251,낙동강남해,0
2020-08-01,250301,통영시섬군,2503,거제도,251,낙동강남해,0
2020-08-01,250302,사등천,2503,거제도,251,낙동강남해,0
2020-08-01,250303,외포천,2503,거제도,251,낙동강남해,0
2020-08-01,250304,둔덕천,2503,거제도,251,낙동강남해,0
2020-08-01,250305,소동천,2503,거제도,251,낙동강남해,0
2020-08-01,250401,보전천,2504,낙동강남해,251,낙동강남해,0
2020-08-01,250402,용정천,2504,낙동강남해,251,낙동강남해,0
2020-08-01,250403,황리천,2504,낙동강남해,251,낙동강남해,0
2020-08-01,250404,진전천,2504,낙동강남해,251,낙동강남해,0
2020-08-01,250405,진동천,2504,낙동강남해,251,낙동강남해,0
2020-08-01,250406,삼호천,2504,낙동강남해,251,낙동강남해,0
2020-08-01,250407,남천,2504,낙동강남해,251,낙동강남해,0
2020-08-01,250408,양곡천,2504,낙동강남해,251,낙동강남해,0
2020-08-01,250409,가덕도,2504,낙동강남해,251,낙동강남해,0
2020-08-01,300101,장계천합류후,3001,용담댐,301,금강,4.1
2020-08-01,300102,장계천,3001,용담댐,301,금강,4.5
2020-08-01,300103,구량천,3001,용담댐,301,금강,2.6
2020-08-01,300104,진안천합류후,3001,용담댐,301,금강,3.6
2020-08-01,300105,진안천,3001,용담댐,301,금강,5.5
2020-08-01,300106,정자천,3001,용담댐,301,금강,3.1
2020-08-01,300107,주자천,3001,용담댐,301,금강,1
2020-08-01,300108,용담댐,3001,용담댐,301,금강,3
2020-08-01,300201,용담댐하류,3002,용담댐하류,301,금강,3.2
2020-08-01,300301,무주남대천상류,3003,무주남대천,301,금강,1.4
2020-08-01,300302,무주남대천중류,3003,무주남대천,301,금강,3.2
2020-08-01,300303,무주남대천하류,3003,무주남대천,301,금강,3.2
2020-08-01,300401,봉황천합류후,3004,영동천,301,금강,3.7
2020-08-01,300402,봉황천상류,3004,영동천,301,금강,2.2
2020-08-01,300403,봉황천하류,3004,영동천,301,금강,3.8
2020-08-01,300404,호탄수위표,3004,영동천,301,금강,2
2020-08-01,300405,초강합류후,3004,영동천,301,금강,1.5
2020-08-01,300406,영동천,3004,영동천,301,금강,1.5
2020-08-01,300501,초강상류,3005,초강,301,금강,0.7
2020-08-01,300502,석천,3005,초강,301,금강,3.6
2020-08-01,300503,초강하류,3005,초강,301,금강,3
2020-08-01,300601,보청천합류전,3006,대청댐상류,301,금강,3.7
2020-08-01,300701,보청천상류,3007,보청천,301,금강,16.7
2020-08-01,300702,항건천,3007,보청천,301,금강,14.4
2020-08-01,300703,삼가천합류후,3007,보청천,301,금강,11.1
2020-08-01,300704,삼가천,3007,보청천,301,금강,11.1
2020-08-01,300705,보청천중류,3007,보청천,301,금강,5.2
2020-08-01,300706,보청천하류,3007,보청천,301,금강,4.7
2020-08-01,300801,대청댐상류,3008,대청댐,301,금강,6.4
2020-08-01,300802,소옥천상류,3008,대청댐,301,금강,4.8
2020-08-01,300803,소옥천하류,3008,대청댐,301,금강,5.7
2020-08-01,300804,대청댐,3008,대청댐,301,금강,21.2
2020-08-01,300805,대청댐조정지,3008,대청댐,301,금강,23
2020-08-01,300901,갑천상류,3009,갑천,301,금강,16.9
2020-08-01,300902,유성수위표,3009,갑천,301,금강,14.1
2020-08-01,300903,유등천상류,3009,갑천,301,금강,5.9
2020-08-01,300904,대전천,3009,갑천,301,금강,8.4
2020-08-01,300905,유등천하류,3009,갑천,301,금강,11.4
2020-08-01,300906,갑천하류,3009,갑천,301,금강,19.5
2020-08-01,301001,매포수위표,3010,대청댐하류,301,금강,27.1
2020-08-01,301002,미호천합류전,3010,대청댐하류,301,금강,26
2020-08-01,301101,한천,3011,미호천,301,금강,19.9
2020-08-01,301102,미호천상류,3011,미호천,301,금강,21.3
2020-08-01,301103,백곡댐,3011,미호천,301,금강,17.1
2020-08-01,301104,백곡천,3011,미호천,301,금강,16.5
2020-08-01,301105,원남댐,3011,미호천,301,금강,20.3
2020-08-01,301106,미호댐,3011,미호천,301,금강,15.9
2020-08-01,301107,보강천,3011,미호천,301,금강,15.5
2020-08-01,301108,미호천중류,3011,미호천,301,금강,14.4
2020-08-01,301109,작천보,3011,미호천,301,금강,15
2020-08-01,301110,무심천,3011,미호천,301,금강,23.8
2020-08-01,301111,병천천상류,3011,미호천,301,금강,16.9
2020-08-01,301112,병천천하류,3011,미호천,301,금강,16.7
2020-08-01,301113,석화수위표,3011,미호천,301,금강,16.5
2020-08-01,301114,조천,3011,미호천,301,금강,18
2020-08-01,301115,미호천하류,3011,미호천,301,금강,31
2020-08-01,301201,세종보,3012,금강공주,301,금강,31.7
2020-08-01,301202,용수천,3012,금강공주,301,금강,25.5
2020-08-01,301203,대교천,3012,금강공주,301,금강,32.3
2020-08-01,301204,공주수위표,3012,금강공주,301,금강,30.5
2020-08-01,301205,공주보,3012,금강공주,301,금강,26.1
2020-08-01,301206,유구천,3012,금강공주,301,금강,19.1
2020-08-01,301207,어천합류후,3012,금강공주,301,금강,34.5
2020-08-01,301208,백제보,3012,금강공주,301,금강,31.6
2020-08-01,301209,지천상류,3012,금강공주,301,금강,20.1
2020-08-01,301210,지천합류후,3012,금강공주,301,금강,23.4
2020-08-01,301211,규암수위표,3012,금강공주,301,금강,18.6
2020-08-01,301212,금천,3012,금강공주,301,금강,14.8
2020-08-01,301213,석성천,3012,금강공주,301,금강,14
2020-08-01,301214,논산천합류전,3012,금강공주,301,금강,17.4
2020-08-01,301301,논산천상류,3013,논산천,301,금강,4.2
2020-08-01,301302,탑정댐,3013,논산천,301,금강,9.9
2020-08-01,301303,노성천,3013,논산천,301,금강,13.3
2020-08-01,301304,강경천,3013,논산천,301,금강,7.2
2020-08-01,301305,논산천하류,3013,논산천,301,금강,8.5
2020-08-01,301401,입포수위표,3014,금강하구언,301,금강,11.3
2020-08-01,301402,길산천,3014,금강하구언,301,금강,11.1
2020-08-01,301403,금강하구언,3014,금강하구언,301,금강,11.7
2020-08-01,310101,삽교천상류,3101,삽교천,311,삽교천,8.9
2020-08-01,310102,구만수위표,3101,삽교천,311,삽교천,7.6
2020-08-01,310103,삽교천중류,3101,삽교천,311,삽교천,8
2020-08-01,310104,무한천상류,3101,삽교천,311,삽교천,19.3
2020-08-01,310105,화산천,3101,삽교천,311,삽교천,12.8
2020-08-01,310106,신양천,3101,삽교천,311,삽교천,18.1
2020-08-01,310107,예당댐,3101,삽교천,311,삽교천,12.2
2020-08-01,310108,무하천하류,3101,삽교천,311,삽교천,7.5
2020-08-01,310109,곡교천상류,3101,삽교천,311,삽교천,13
2020-08-01,310110,풍서천,3101,삽교천,311,삽교천,11.4
2020-08-01,310111,천안천,3101,삽교천,311,삽교천,13.7
2020-08-01,310112,곡교천중류,3101,삽교천,311,삽교천,11.8
2020-08-01,310113,온양천,3101,삽교천,311,삽교천,10
2020-08-01,310114,강청수위표,3101,삽교천,311,삽교천,9.1
2020-08-01,310115,곡교천하류,3101,삽교천,311,삽교천,5.8
2020-08-01,310116,삽교방조제,3101,삽교천,311,삽교천,6.9
2020-08-01,320101,대호방조제,3201,대호방조제,321,금강서해,5.2
2020-08-01,320102,석문방조제,3201,대호방조제,321,금강서해,8.2
2020-08-01,320103,송산방조제,3201,대호방조제,321,금강서해,7.3
2020-08-01,320201,용요천,3202,부남방조제,321,금강서해,19
2020-08-01,320202,반계천,3202,부남방조제,321,금강서해,16.7
2020-08-01,320203,부남방조제,3202,부남방조제,321,금강서해,28.2
2020-08-01,320204,간월방조제,3202,부남방조제,321,금강서해,8.8
2020-08-01,320205,금리천,3202,부남방조제,321,금강서해,11.8
2020-08-01,320206,안면도,3202,부남방조제,321,금강서해,16
2020-08-01,320301,광천천,3203,금강서해,321,금강서해,12.8
2020-08-01,320302,봉당천,3203,금강서해,321,금강서해,16.8
2020-08-01,320303,청천댐,3203,금강서해,321,금강서해,17.6
2020-08-01,320304,대천천,3203,금강서해,321,금강서해,15.9
2020-08-01,320305,보령댐,3203,금강서해,321,금강서해,16.4
2020-08-01,320306,웅천천,3203,금강서해,321,금강서해,16.6
2020-08-01,320307,종천천,3203,금강서해,321,금강서해,14
2020-08-01,320308,판교천,3203,금강서해,321,금강서해,11.4
2020-08-01,320309,경포천,3203,금강서해,321,금강서해,9.6
2020-08-01,320310,옥서면,3203,금강서해,321,금강서해,13.7
2020-08-01,330101,대아댐,3301,만경강,331,만경동진,4.3
2020-08-01,330102,경천댐,3301,만경강,331,만경동진,5.5
2020-08-01,330103,대아댐하류,3301,만경강,331,만경동진,4.5
2020-08-01,330104,소양천,3301,만경강,331,만경동진,7.1
2020-08-01,330105,전주천합류전,3301,만경강,331,만경동진,5.3
2020-08-01,330106,전주천상류,3301,만경강,331,만경동진,9.1
2020-08-01,330107,구이댐,3301,만경강,331,만경동진,12.3
2020-08-01,330108,삼천,3301,만경강,331,만경동진,10
2020-08-01,330109,전주천하류,3301,만경강,331,만경동진,7.6
2020-08-01,330110,익산천,3301,만경강,331,만경동진,8.3
2020-08-01,330111,만경강중류,3301,만경강,331,만경동진,8
2020-08-01,330112,탑천,3301,만경강,331,만경동진,13.3
2020-08-01,330113,만경강하류,3301,만경강,331,만경동진,9.7
2020-08-01,330201,동진강상류,3302,동진강,331,만경동진,11.6
2020-08-01,330202,신태인수위표,3302,동진강,331,만경동진,12.4
2020-08-01,330203,정읍천,3302,동진강,331,만경동진,10.7
2020-08-01,330204,고부천상류,3302,동진강,331,만경동진,10.2
2020-08-01,330205,고부천하류,3302,동진강,331,만경동진,8.9
2020-08-01,330206,원평천,3302,동진강,331,만경동진,10.5
2020-08-01,330207,신평천,3302,동진강,331,만경동진,10.3
2020-08-01,330208,동진강하류,3302,동진강,331,만경동진,10.4
2020-08-01,330301,부안댐,3303,새만금,331,만경동진,9.4
2020-08-01,330302,주상천,3303,새만금,331,만경동진,8.3
2020-08-01,330303,새만금방조제,3303,새만금,331,만경동진,12.3
2020-08-01,400101,섬진강상류,4001,섬진강댐,401,섬진강,5.2
2020-08-01,400102,세동천,4001,섬진강댐,401,섬진강,5.5
2020-08-01,400103,관촌수위표,4001,섬진강댐,401,섬진강,6.5
2020-08-01,400104,임실천,4001,섬진강댐,401,섬진강,6.5
2020-08-01,400105,섬진강댐상류,4001,섬진강댐,401,섬진강,8.8
2020-08-01,400106,옥녀동천,4001,섬진강댐,401,섬진강,12.5
2020-08-01,400107,추령천상류,4001,섬진강댐,401,섬진강,7.4
2020-08-01,400108,추령천하류,4001,섬진강댐,401,섬진강,9.2
2020-08-01,400109,섬진강댐,4001,섬진강댐,401,섬진강,10.9
2020-08-01,400201,섬진강댐하류,4002,섬진강댐하류,401,섬진강,8.9
2020-08-01,400202,치천,4002,섬진강댐하류,401,섬진강,9
2020-08-01,400203,오수천합류전,4002,섬진강댐하류,401,섬진강,9.2
2020-08-01,400301,오수천상류,4003,오수천,401,섬진강,6.1
2020-08-01,400302,오수천중류,4003,오수천,401,섬진강,8
2020-08-01,400303,오수천하류,4003,오수천,401,섬진강,7.7
2020-08-01,400401,경천합류전,4004,순창,401,섬진강,8
2020-08-01,400402,경천,4004,순창,401,섬진강,9
2020-08-01,400403,옥과천,4004,순창,401,섬진강,11.3
2020-08-01,400404,요천합류전,4004,순창,401,섬진강,9.2
2020-08-01,400501,동화댐,4005,요천,401,섬진강,4
2020-08-01,400502,요천상류,4005,요천,401,섬진강,4.1
2020-08-01,400503,남원수위표,4005,요천,401,섬진강,7.3
2020-08-01,400504,요천하류,4005,요천,401,섬진강,7.8
2020-08-01,400601,곡성천합류전,4006,섬진곡성,401,섬진강,7.4
2020-08-01,400602,곡성천,4006,섬진곡성,401,섬진강,7
2020-08-01,400603,압록수위표,4006,섬진곡성,401,섬진강,5
2020-08-01,400701,보성강상류,4007,주암댐,401,섬진강,0
2020-08-01,400702,겸백수위표,4007,주암댐,401,섬진강,0
2020-08-01,400703,주암댐상류,4007,주암댐,401,섬진강,0
2020-08-01,400704,동복댐,4007,주암댐,401,섬진강,5.2
2020-08-01,400705,동복천,4007,주암댐,401,섬진강,2.2
2020-08-01,400706,송광천,4007,주암댐,401,섬진강,0.2
2020-08-01,400707,주암댐,4007,주암댐,401,섬진강,1.2
2020-08-01,400801,주암댐하류,4008,보성강,401,섬진강,2.3
2020-08-01,400802,보성강하류,4008,보성강,401,섬진강,1.9
2020-08-01,400901,황전천,4009,섬진강하류,401,섬진강,0.1
2020-08-01,400902,구례수위표,4009,섬진강하류,401,섬진강,0.5
2020-08-01,400903,서시천,4009,섬진강하류,401,섬진강,2.7
2020-08-01,400904,송정수위표,4009,섬진강하류,401,섬진강,2.3
2020-08-01,400905,화개천합류전,4009,섬진강하류,401,섬진강,8.2
2020-08-01,400906,화개천,4009,섬진강하류,401,섬진강,5.6
2020-08-01,400907,하동2수위표,4009,섬진강하류,401,섬진강,1.8
2020-08-01,400908,하동댐,4009,섬진강하류,401,섬진강,1.6
2020-08-01,400909,횡천강,4009,섬진강하류,401,섬진강,0.1
2020-08-01,400910,주교천,4009,섬진강하류,401,섬진강,0
2020-08-01,400911,섬진강하류,4009,섬진강하류,401,섬진강,0
2020-08-01,410101,강진천,4101,섬진강서남해,411,섬진강남해,0
2020-08-01,410102,흥촌천,4101,섬진강서남해,411,섬진강남해,0
2020-08-01,410103,칠량천,4101,섬진강서남해,411,섬진강남해,0
2020-08-01,410104,대덕천,4101,섬진강서남해,411,섬진강남해,0
2020-08-01,410105,고읍천,4101,섬진강서남해,411,섬진강남해,0
2020-08-01,410106,마륜천,4101,섬진강서남해,411,섬진강남해,0
2020-08-01,410107,사정천,4101,섬진강서남해,411,섬진강남해,0
2020-08-01,410108,고읍천,4101,섬진강서남해,411,섬진강남해,0
2020-08-01,410201,완도군,4102,완도,411,섬진강남해,0
2020-08-01,410301,금산면,4103,금산면,411,섬진강남해,0
2020-08-01,410401,주암조절지댐,4104,이사천,411,섬진강남해,0.4
2020-08-01,410402,이사천,4104,이사천,411,섬진강남해,0.1
2020-08-01,410403,순천동천,4104,이사천,411,섬진강남해,0
2020-08-01,410404,벌교천,4104,이사천,411,섬진강남해,0
2020-08-01,410405,동룡천,4104,이사천,411,섬진강남해,0
2020-08-01,410406,대강천,4104,이사천,411,섬진강남해,0
2020-08-01,410407,화양천,4104,이사천,411,섬진강남해,0
2020-08-01,410408,강산천,4104,이사천,411,섬진강남해,0
2020-08-01,410409,고흥천,4104,이사천,411,섬진강남해,0
2020-08-01,410410,도화천,4104,이사천,411,섬진강남해,0
2020-08-01,410501,광양동천,4105,수어천,411,섬진강남해,0
2020-08-01,410502,수어댐,4105,수어천,411,섬진강남해,0
2020-08-01,410503,수어천,4105,수어천,411,섬진강남해,0
2020-08-01,410504,성황천,4105,수어천,411,섬진강남해,0
2020-08-01,410505,율촌천,4105,수어천,411,섬진강남해,0
2020-08-01,410506,연등천,4105,수어천,411,섬진강남해,0
2020-08-01,410601,여수시,4106,여수시,411,섬진강남해,0
2020-08-01,500101,담양댐,5001,영산강상류,501,영산강,7
2020-08-01,500102,오례천,5001,영산강상류,501,영산강,12.7
2020-08-01,500103,영산강상류,5001,영산강상류,501,영산강,12.7
2020-08-01,500104,광주댐,5001,영산강상류,501,영산강,3.2
2020-08-01,500105,증암천,5001,영산강상류,501,영산강,12.1
2020-08-01,500106,광주수위표,5001,영산강상류,501,영산강,12.8
2020-08-01,500107,광주천,5001,영산강상류,501,영산강,2.1
2020-08-01,500108,황룡강합류전,5001,영산강상류,501,영산강,7
2020-08-01,500201,장성댐,5002,황룡강,501,영산강,7.7
2020-08-01,500202,황룡강중류,5002,황룡강,501,영산강,8.8
2020-08-01,500203,평림천,5002,황룡강,501,영산강,9.6
2020-08-01,500204,황룡강하류,5002,황룡강,501,영산강,5.5
2020-08-01,500301,지석천상류,5003,지석천,501,영산강,0
2020-08-01,500302,지석천하류,5003,지석천,501,영산강,3.3
2020-08-01,500303,화순천,5003,지석천,501,영산강,5.3
2020-08-01,500304,나주댐,5003,지석천,501,영산강,0
2020-08-01,500305,대초천,5003,지석천,501,영산강,0.9
2020-08-01,500306,남평수위표,5003,지석천,501,영산강,2.9
2020-08-01,500307,지석천,5003,지석천,501,영산강,0
2020-08-01,500401,승촌보,5004,죽산보,501,영산강,0
2020-08-01,500402,나주수위표,5004,죽산보,501,영산강,0.2
2020-08-01,500403,영산포수위표,5004,죽산보,501,영산강,0
2020-08-01,500404,만봉천,5004,죽산보,501,영산강,0
2020-08-01,500405,죽산보,5004,죽산보,501,영산강,0.4
2020-08-01,500501,고막원천상류,5005,고막원천,501,영산강,8.9
2020-08-01,500502,고막원천하류,5005,고막원천,501,영산강,1.6
2020-08-01,500601,함평수위표,5006,영산강하류,501,영산강,3.8
2020-08-01,500602,함평천,5006,영산강하류,501,영산강,0
2020-08-01,500603,삼포강,5006,영산강하류,501,영산강,0
2020-08-01,500604,영암천합류전,5006,영산강하류,501,영산강,0
2020-08-01,500701,학산천,5007,영암천,501,영산강,0
2020-08-01,500702,영암천,5007,영암천,501,영산강,0
2020-08-01,500801,영산·영암호연락수로,5008,영산강하구언,501,영산강,0
2020-08-01,500802,영산강하구언,5008,영산강하구언,501,영산강,0
2020-08-01,510101,장흥댐,5101,탐진강,511,탐진강,0
2020-08-01,510102,탐진강중류,5101,탐진강,511,탐진강,0
2020-08-01,510103,금강천,5101,탐진강,511,탐진강,0
2020-08-01,510104,탐진강하류,5101,탐진강,511,탐진강,0
2020-08-01,520101,군내천,5201,진도,521,영산강남해,0
2020-08-01,520102,석교천,5201,진도,521,영산강남해,0
2020-08-01,520103,의신천,5201,진도,521,영산강남해,0
2020-08-01,520104,조도면,5201,진도,521,영산강남해,0
2020-08-01,520201,옥천천,5202,영암방조제,521,영산강남해,0
2020-08-01,520202,영암방조제,5202,영암방조제,521,영산강남해,0
2020-08-01,520203,금호방조제,5202,영암방조제,521,영산강남해,0
2020-08-01,520204,화원면,5202,영암방조제,521,영산강남해,0
2020-08-01,520205,해남방조제,5202,영암방조제,521,영산강남해,0
2020-08-01,520206,현산천,5202,영암방조제,521,영산강남해,0
2020-08-01,530101,운산천,5301,주진천,531,영산강서해,10.2
2020-08-01,530102,갈곡천,5301,주진천,531,영산강서해,11.2
2020-08-01,530103,주진천,5301,주진천,531,영산강서해,11.6
2020-08-01,530104,해리천,5301,주진천,531,영산강서해,16
2020-08-01,530201,자룡천,5302,와탄천,531,영산강서해,12.3
2020-08-01,530202,구암천,5302,와탄천,531,영산강서해,12.2
2020-08-01,530203,와탄천,5302,와탄천,531,영산강서해,13
2020-08-01,530204,불갑천,5302,와탄천,531,영산강서해,14.7
2020-08-01,530205,오동천,5302,와탄천,531,영산강서해,9.4
2020-08-01,530206,양간천,5302,와탄천,531,영산강서해,3.2
2020-08-01,530207,지도읍,5302,와탄천,531,영산강서해,3.7
2020-08-01,530208,태봉천,5302,와탄천,531,영산강서해,0
2020-08-01,530209,청계천,5302,와탄천,531,영산강서해,0
2020-08-01,530301,신안군,5303,신안군,531,영산강서해,0.5
2020-08-01,600101,한경면,6001,제주서해,601,제주도,0
2020-08-01,600102,금성천,6001,제주서해,601,제주도,0
2020-08-01,600103,대정읍,6001,제주서해,601,제주도,0
2020-08-01,600201,수산천,6002,제주북해,601,제주도,0
2020-08-01,600202,도근천,6002,제주북해,601,제주도,0
2020-08-01,600203,병문천,6002,제주북해,601,제주도,0
2020-08-01,600204,화북천,6002,제주북해,601,제주도,0
2020-08-01,600301,창고천,6003,제주남해,601,제주도,0
2020-08-01,600302,예래천,6003,제주남해,601,제주도,0
2020-08-01,600303,도순천,6003,제주남해,601,제주도,0
2020-08-01,600304,신례천,6003,제주남해,601,제주도,0
2020-08-01,600401,조천읍,6004,제주동해,601,제주도,0
2020-08-01,600402,구좌읍,6004,제주동해,601,제주도,0
2020-08-01,600403,성산읍,6004,제주동해,601,제주도,0
2020-08-01,600404,천미천,6004,제주동해,601,제주도,0
2020-08-01,600405,종남천,6004,제주동해,601,제주도,0
