지점,지점명,일시,평균기온(°C),최저기온(°C),최고기온(°C),평균 풍속(m/s)
545,안산,2016-07-01,23.7,21.4,27.1,1.8
545,안산,2016-07-02,23,20.5,26.9,2.3
545,안산,2016-07-03,22,19,26.1,.8
545,안산,2016-07-04,21.7,19.3,23,1.6
545,안산,2016-07-05,23.4,21.1,25.6,2.3
545,안산,2016-07-06,21.5,18.3,25.8,1.3
545,안산,2016-07-07,22.3,18.2,27,.7
545,안산,2016-07-08,24.4,18.3,31.1,1.5
545,안산,2016-07-09,24.7,19.5,30.7,1.8
545,안산,2016-07-10,24.8,19.7,30.9,1.4
545,안산,2016-07-11,25.3,20.7,32.3,1.3
545,안산,2016-07-12,24.3,20.3,29.2,1.5
545,안산,2016-07-13,24.1,20.5,28.1,1.9
545,안산,2016-07-14,25.1,22.4,29,2
545,안산,2016-07-15,24.7,21,27.7,1.4
545,안산,2016-07-16,20.9,19.8,22.6,2.3
545,안산,2016-07-17,21.3,20.1,23.8,2.2
545,안산,2016-07-18,22.6,19.4,27.3,1.3
545,안산,2016-07-19,25.1,17.9,31.7,1.1
545,안산,2016-07-20,27.4,21.6,31.9,1
545,안산,2016-07-21,26.6,23.5,30.7,1.4
545,안산,2016-07-22,28.1,23.3,32.8,1.5
545,안산,2016-07-23,28,25,31.7,1.3
545,안산,2016-07-24,27.7,25.1,31.5,1.3
545,안산,2016-07-25,27.1,23.8,31.1,1.3
545,안산,2016-07-26,26.4,22.6,32.1,1.2
545,안산,2016-07-27,26.7,23.1,29.7,1.7
545,안산,2016-07-28,26.5,24.1,30.2,1.7
545,안산,2016-07-29,25.4,23.4,28,.9
545,안산,2016-07-30,27.8,25.7,32,1.2
545,안산,2016-07-31,27.9,24.6,32.5,1.4
545,안산,2016-08-01,26.9,24.8,30.9,1.4
545,안산,2016-08-02,26.2,23.6,29.6,1.1
545,안산,2016-08-03,27.4,22.4,33.5,1.2
545,안산,2016-08-04,27.5,22.7,33.6,1.2
545,안산,2016-08-05,28.1,23.4,34.2,1.3
545,안산,2016-08-06,28,23.4,33.7,1.5
545,안산,2016-08-07,27.5,23.2,32.7,1.6
545,안산,2016-08-08,27.5,22.7,33.5,1.6
545,안산,2016-08-09,28.1,23.9,33.7,1.4
545,안산,2016-08-10,27.4,23.1,32.5,1.4
545,안산,2016-08-11,28.1,23.1,33.6,1.6
545,안산,2016-08-12,28,23.8,33,1.6
545,안산,2016-08-13,28.4,24.6,33.4,1.7
545,안산,2016-08-14,27.9,24.7,32.1,1.7
545,안산,2016-08-15,27.3,24.1,32.7,1.6
545,안산,2016-08-16,27.6,22.8,33.4,1.4
545,안산,2016-08-17,27.5,22.6,33.4,1.4
545,안산,2016-08-18,27.7,23.4,33.4,1
545,안산,2016-08-19,27.8,24.3,32.4,1
545,안산,2016-08-20,28.4,24.7,34,1.1
545,안산,2016-08-21,28.5,24.9,34.6,1.1
545,안산,2016-08-22,27.5,22.9,33.6,1.6
545,안산,2016-08-23,27.5,23.2,32.6,1.3
545,안산,2016-08-24,27.3,22.8,33.2,1.2
545,안산,2016-08-25,26.4,21.3,32.2,1.6
545,안산,2016-08-26,21.8,16.6,26.3,1.9
545,안산,2016-08-27,22.2,12.9,28.2,1.7
545,안산,2016-08-28,21,18.1,25.8,1.8
545,안산,2016-08-29,21.4,16.8,27.3,1.8
545,안산,2016-08-30,20.2,14,25.3,3
545,안산,2016-08-31,18.8,16.9,21.8,4.9
545,안산,2016-09-01,22.5,14.5,28.9,2.1
545,안산,2016-09-02,23.4,19.1,28.3,1.8
545,안산,2016-09-03,23.5,20.4,28.7,1.4
545,안산,2016-09-04,24.7,19.6,30,.8
545,안산,2016-09-05,24.3,19.5,29.3,1.3
545,안산,2016-09-06,22.7,17.7,28,1.1
545,안산,2016-09-07,22.6,18.2,27.6,1.2
545,안산,2016-09-08,21.8,19.2,26.8,.8
545,안산,2016-09-09,22.8,19,28.5,1.5
545,안산,2016-09-10,22.5,17.5,28.6,.8
545,안산,2016-09-11,22.8,19.6,28.1,.9
545,안산,2016-09-12,22.9,19,29.7,.7
545,안산,2016-09-13,23,17.8,29.4,1
545,안산,2016-09-14,22.5,17.5,28.5,1.2
545,안산,2016-09-15,22,16.4,28.4,1
545,안산,2016-09-16,22.5,17.5,28.4,.8
545,안산,2016-09-17,20.9,17,26.4,1.5
545,안산,2016-09-18,21.4,16.3,28,1
545,안산,2016-09-19,20.7,13.9,27.4,1.6
545,안산,2016-09-20,19.6,13.3,25.7,1.5
545,안산,2016-09-21,17.7,10.1,24.6,.9
545,안산,2016-09-22,19.7,15.1,26.6,.9
545,안산,2016-09-23,19.1,12.8,26.4,1.1
545,안산,2016-09-24,19.9,14,27.3,1.1
545,안산,2016-09-25,20.8,15.7,27.8,.8
545,안산,2016-09-26,21.8,16.6,27.4,.8
545,안산,2016-09-27,20.4,18.8,23,.6
545,안산,2016-09-28,20,18.4,22.6,.6
545,안산,2016-09-29,20.3,16.8,24.4,1.5
545,안산,2016-09-30,19.5,16.8,23.8,1
545,안산,2016-10-01,19.2,16.5,24.6,.6
545,안산,2016-10-02,18.7,16.6,22.4,1.4
545,안산,2016-10-03,21.7,16.1,27.3,1.9
545,안산,2016-10-04,21,12.3,28.5,1.2
545,안산,2016-10-05,20.4,16.6,26.2,2.1
545,안산,2016-10-06,16.3,11.6,22,1.4
545,안산,2016-10-07,18.2,11.7,25.1,1.1
545,안산,2016-10-08,17.3,11.2,21.9,2.5
545,안산,2016-10-09,11.9,7.7,16.2,1.8
545,안산,2016-10-10,11.6,5.1,20,.8
545,안산,2016-10-11,13.4,7.5,20.5,1
545,안산,2016-10-12,13.3,8.1,19.8,1.2
545,안산,2016-10-13,12.2,6.1,20.9,.8
545,안산,2016-10-14,14.2,7.1,23.3,.8
545,안산,2016-10-15,16.3,8.9,25.6,.6
545,안산,2016-10-16,16.1,13.7,19.4,.6
545,안산,2016-10-17,16.5,11.9,22.4,1.1
545,안산,2016-10-18,13.8,8.4,21.8,.6
545,안산,2016-10-19,15.3,9.5,23.2,1
545,안산,2016-10-20,16.1,8.5,24.6,1
545,안산,2016-10-21,17.5,16,19.7,1.8
545,안산,2016-10-22,17.2,12.3,21.7,1.1
545,안산,2016-10-23,13.6,11.1,17.2,2
545,안산,2016-10-24,14.1,6.6,19.8,1.1
545,안산,2016-10-25,14.2,9.9,19.5,1.7
545,안산,2016-10-26,11.9,7.6,17.1,.6
545,안산,2016-10-27,13.5,6.3,20,.9
545,안산,2016-10-28,14.4,11.2,18,1.2
545,안산,2016-10-29,8,.7,12.3,1.3
545,안산,2016-10-30,5,-2.3,14.2,.7
545,안산,2016-10-31,6.6,1.9,10.5,1.3
545,안산,2016-11-01,1.7,-2.8,7,1.3
545,안산,2016-11-02,3.2,-4.8,10.8,.9
545,안산,2016-11-03,8.3,2.9,14.5,1.2
545,안산,2016-11-04,11.9,4.4,17.5,1.7
545,안산,2016-11-05,14.1,9.5,19.7,1.7
545,안산,2016-11-06,14.8,9.2,19.6,1.9
545,안산,2016-11-07,13.6,9.3,18.8,2.1
545,안산,2016-11-08,5.5,1.1,9.3,2.6
545,안산,2016-11-09,2,-3.5,8.6,1.3
545,안산,2016-11-10,6.3,-.5,11.7,.8
545,안산,2016-11-11,8.3,2.9,14.6,1.8
545,안산,2016-11-12,10.9,3,17.5,1.5
545,안산,2016-11-13,13.5,8.1,19.1,1.1
545,안산,2016-11-14,12.8,8.4,17.6,1
545,안산,2016-11-15,5.8,-.7,11.3,1.7
545,안산,2016-11-16,3.3,-3.1,11.9,.6
545,안산,2016-11-17,6.6,0,15.8,.6
545,안산,2016-11-18,8.7,.9,15.8,.8
545,안산,2016-11-19,12.6,9.5,15.2,1.1
545,안산,2016-11-20,10.1,2.7,15.5,1.6
545,안산,2016-11-21,8.8,.7,14.5,1
545,안산,2016-11-22,3.6,-.7,9.8,2.5
545,안산,2016-11-23,-.1,-3.4,4.6,1.3
545,안산,2016-11-24,-1.5,-5.5,3.8,1.3
545,안산,2016-11-25,.3,-6.2,7.6,.7
545,안산,2016-11-26,.9,-4.2,3.8,1.2
545,안산,2016-11-27,4,-.8,8.2,.6
545,안산,2016-11-28,2,-3,6.6,1.5
545,안산,2016-11-29,-.4,-6.2,8.3,.7
545,안산,2016-11-30,5.6,-4,11.2,.8
545,안산,2016-12-01,5.6,-1.2,9.1,2.7
545,안산,2016-12-02,.2,-6.6,8.1,1.1
545,안산,2016-12-03,2,-4.9,11.2,.8
545,안산,2016-12-04,4.3,-1,10.1,.6
545,안산,2016-12-05,7.1,2.4,12,2.9
545,안산,2016-12-06,-1,-6.2,4.8,1.5
545,안산,2016-12-07,2.1,-6,8.9,1.5
545,안산,2016-12-08,2.4,-5.9,8.6,.9
545,안산,2016-12-09,2.8,-2,6.1,2.2
545,안산,2016-12-10,-2.2,-7.6,4.2,1
545,안산,2016-12-11,-2.8,-9.1,6,.6
545,안산,2016-12-12,1.8,-6.7,8.8,.6
545,안산,2016-12-13,2.4,-3.1,8.5,1.1
545,안산,2016-12-14,0,-2.9,2.4,1.2
545,안산,2016-12-15,-3.1,-6.6,.4,1.9
545,안산,2016-12-16,-3.8,-11.1,1.1,1.4
545,안산,2016-12-17,3.9,-2.5,11,1.5
545,안산,2016-12-18,5.2,0,8.6,1.3
545,안산,2016-12-19,6.9,1.2,13.2,1.3
545,안산,2016-12-20,4.2,-.2,13.6,.7
545,안산,2016-12-21,7.9,-1.6,14.4,1.8
545,안산,2016-12-22,6.6,3.2,13.5,4.1
545,안산,2016-12-23,-.3,-2,3.2,3.2
545,안산,2016-12-24,-1.9,-4.5,1.8,.6
545,안산,2016-12-25,-.2,-6.5,7,.4
545,안산,2016-12-26,2.8,-.7,6.2,.6
545,안산,2016-12-27,-.6,-6.1,2.8,2.9
545,안산,2016-12-28,-3.5,-9.5,2.4,1
545,안산,2016-12-29,-2.7,-6.5,.1,1.9
545,안산,2016-12-30,-3.6,-10.8,3.4,.6
545,안산,2016-12-31,.3,-4.7,6.7,.7
545,안산,2017-01-01,2.6,-4.1,10.2,.7
545,안산,2017-01-02,5.1,0,9.9,1.6
545,안산,2017-01-03,.5,-4.7,8.3,.9
545,안산,2017-01-04,2,-2.9,9.1,1.1
545,안산,2017-01-05,3.7,-3.4,8.9,1.2
545,안산,2017-01-06,5.2,-1.7,11.5,1.6
545,안산,2017-01-07,2.1,-3.3,9.8,.7
545,안산,2017-01-08,5.4,-1.5,12.1,1.3
545,안산,2017-01-09,3,-2.9,5.6,2.9
545,안산,2017-01-11,-3.4,-10.8,3.1,1.2
545,안산,2017-01-12,0,-4.8,3.3,2
545,안산,2017-01-13,-5.2,-9.3,0,1.8
545,안산,2017-01-14,-6.2,-8.4,-3,2.3
545,안산,2017-01-15,-6.9,-13.3,-.3,1.2
545,안산,2017-01-16,-5.6,-12.9,3.5,.7
545,안산,2017-01-17,-3.6,-10.9,4.1,.6
545,안산,2017-01-18,-2.1,-6.4,4.4,.6
545,안산,2017-01-19,-2.4,-8.1,5.2,.7
545,안산,2017-01-20,-3.7,-11.4,-1,2.5
545,안산,2017-01-21,-5.6,-14.7,.6,1
545,안산,2017-01-22,-6.3,-9,-1.1,2.8
545,안산,2017-01-23,-8.3,-15,-3.5,1.3
545,안산,2017-01-24,-9.2,-17,-1.2,1
545,안산,2017-01-25,-8.1,-16.4,1.5,.9
545,안산,2017-01-26,-2,-12.6,4.6,1.1
545,안산,2017-01-27,-1.9,-7.5,4.4,2.9
545,안산,2017-01-28,-2.4,-10.8,4.8,.5
545,안산,2017-01-29,1.3,-.4,3.2,.8
545,안산,2017-01-30,-4.2,-10.1,.4,2.6
545,안산,2017-01-31,-6.3,-12.3,-.1,.9
545,안산,2017-02-01,-3.4,-9,1.6,2
545,안산,2017-02-02,-2.3,-11.5,4.2,1.5
545,안산,2017-02-03,.5,-4.7,6.5,.9
545,안산,2017-02-04,.5,-6,5.2,.5
545,안산,2017-02-05,1.4,-.8,3.6,1.6
545,안산,2017-02-06,-.4,-4,2.8,2.6
545,안산,2017-02-07,-2.5,-7.8,3.6,.7
545,안산,2017-02-08,-2.1,-7.4,2,1.4
545,안산,2017-02-09,-3.2,-4.8,-.7,3.9
545,안산,2017-02-10,-4.5,-6.8,-1.6,3.9
545,안산,2017-02-11,-3.3,-8,.7,2.5
545,안산,2017-02-12,-3.6,-10.6,3.7,1.4
545,안산,2017-02-13,-1.4,-9.5,5.3,.6
545,안산,2017-02-14,-1.8,-8.1,5.5,1.2
545,안산,2017-02-15,-.4,-7.7,8.1,.8
545,안산,2017-02-16,5.3,-6.1,12.6,1.5
545,안산,2017-02-17,1.5,-3.5,9.6,3.7
545,안산,2017-02-18,-2.1,-8.8,3.8,1.9
545,안산,2017-02-19,2.3,-5.8,6.7,1.3
545,안산,2017-02-20,-.1,-4.1,6.2,3.1
545,안산,2017-02-21,-1.7,-8.9,6.1,.9
545,안산,2017-02-22,1.7,-3,3.9,1.5
545,안산,2017-02-23,-.1,-3.5,3.6,3.4
545,안산,2017-02-24,-1,-8.1,4.8,1.3
545,안산,2017-02-25,1.2,-6.1,8.6,1.4
545,안산,2017-02-26,1.5,-3.5,9.2,1.3
545,안산,2017-02-27,1,-5.6,9.6,1.2
545,안산,2017-02-28,3,-5.6,12.7,1
545,안산,2017-03-01,4.3,-1,12.6,1.1
545,안산,2017-03-02,2.1,-1.9,5,2.8
545,안산,2017-03-03,2.3,-4.8,10.7,1.3
545,안산,2017-03-04,3.1,-3.9,11.8,1.1
545,안산,2017-03-05,3.8,-2.6,10.7,1.6
545,안산,2017-03-06,1.7,-1.1,5.1,3.4
545,안산,2017-03-07,0,-2.2,2.6,3.8
545,안산,2017-03-08,.6,-7.4,6.4,2.6
545,안산,2017-03-09,3,-5,10.2,2.5
545,안산,2017-03-10,2.7,-4.7,11.2,1.3
545,안산,2017-03-11,4.5,-4.6,16,1.1
545,안산,2017-03-12,6.6,-.7,14.3,1.6
545,안산,2017-03-13,5.3,-1.7,10.9,1.9
545,안산,2017-03-14,4.9,-3.5,11.2,2.4
545,안산,2017-03-15,3.4,-4,11.7,1.3
545,안산,2017-03-16,3.5,-4.5,12.2,1.4
545,안산,2017-03-17,4.9,-3.5,14,1.3
545,안산,2017-03-18,6.5,.7,15.4,1.4
545,안산,2017-03-19,6.7,-2,17.6,1
545,안산,2017-03-20,7,-.3,14.2,.9
545,안산,2017-03-21,6.1,-.2,12.7,2.3
545,안산,2017-03-22,5.3,-3,12.7,1.7
545,안산,2017-03-23,5.8,.3,13.3,1.7
545,안산,2017-03-24,5.9,-1.9,14.5,1.1
545,안산,2017-03-25,5.7,0,12.8,1.3
545,안산,2017-03-26,5.8,-.5,10.8,1.7
545,안산,2017-03-27,6.1,.6,11.2,2.1
545,안산,2017-03-29,6.5,-.3,14,1.4
545,안산,2017-03-30,7,-1.6,15.5,1.5
545,안산,2017-03-31,8.4,4.3,13.6,1.2
545,안산,2017-04-01,7.3,1.2,13.4,1.8
545,안산,2017-04-02,6.8,-.7,14.7,1.6
545,안산,2017-04-03,8.2,-1.1,17.6,1.4
545,안산,2017-04-04,11.2,.6,21.3,1.3
545,안산,2017-04-05,11.6,7.7,14.3,1.5
545,안산,2017-04-06,10.3,,,
545,안산,2017-04-07,11.8,8.3,18.4,1.7
545,안산,2017-04-08,9.1,6.3,14.9,1.8
545,안산,2017-04-09,13.3,7.7,19.9,1.7
545,안산,2017-04-10,14.4,10.1,22.3,2.1
545,안산,2017-04-11,13,9.9,17.4,2.6
545,안산,2017-04-12,11,5.7,15.2,3
545,안산,2017-04-13,11.3,2.1,19.7,1.6
545,안산,2017-04-14,11.7,3.7,17.8,2.2
545,안산,2017-04-15,13.7,6.1,23.6,1.4
545,안산,2017-04-16,15.1,8,23.4,1
545,안산,2017-04-17,13,8.8,16.9,.9
545,안산,2017-04-18,10.8,6.9,18.9,2.7
545,안산,2017-04-19,11.7,7.5,17.5,2.7
545,안산,2017-04-20,11.4,6.1,17.5,1.2
545,안산,2017-04-21,10.2,3,17.4,1.4
545,안산,2017-04-22,11.9,3.9,20.5,2
545,안산,2017-04-23,11.8,3.4,20.8,1.7
545,안산,2017-04-24,12.8,2.6,21.4,1.9
545,안산,2017-04-25,13.7,8,20.7,2
545,안산,2017-04-26,13.5,6.8,20.4,2.5
545,안산,2017-04-27,11.9,3.7,18.8,2.4
545,안산,2017-04-28,13,5.7,20.4,2.4
545,안산,2017-04-29,15.3,5.4,23.7,1.7
545,안산,2017-04-30,16.7,10,26.3,1.7
545,안산,2017-05-01,16.2,8.4,26.3,1.5
545,안산,2017-05-02,16.1,9,24.4,1.3
545,안산,2017-05-03,17,8.2,28.5,1.2
545,안산,2017-05-04,17.9,9.9,25.9,1.6
545,안산,2017-05-06,13.2,6.1,19.8,2.7
545,안산,2017-05-07,13.7,6.2,22,2
545,안산,2017-05-08,15.6,6.4,22.7,1.3
545,안산,2017-05-09,15.6,12.9,21.7,1
545,안산,2017-05-10,15.2,11.4,19.9,2
545,안산,2017-05-11,17.9,11.8,24.6,1
545,안산,2017-05-12,17.4,12.4,21.8,1.1
545,안산,2017-05-13,15.1,9.5,24.6,2
545,안산,2017-05-14,13.4,8.2,18.9,3.3
545,안산,2017-05-15,14.7,8.7,19.7,2.6
545,안산,2017-05-16,15.9,10.7,21.7,1.6
545,안산,2017-05-17,16.1,8.7,24.1,1.6
545,안산,2017-05-18,17.5,8.8,26.8,1.5
545,안산,2017-05-19,18.3,10,26.8,1.7
545,안산,2017-05-20,17.6,9.9,24.4,1.8
545,안산,2017-05-21,18.2,11.2,25.4,1.7
545,안산,2017-05-22,18.9,10.8,27,1.5
545,안산,2017-05-23,18.5,12.5,24.3,1.3
545,안산,2017-05-24,18.5,12.6,24.2,1.9
545,안산,2017-05-25,17.4,10.3,23.4,3
545,안산,2017-05-26,15.9,8.3,22.2,2.1
545,안산,2017-05-27,16.3,9,24.5,1.6
545,안산,2017-05-28,19.3,9,26.8,1.6
545,안산,2017-05-29,20.2,13.9,28.2,1.4
545,안산,2017-05-30,21.1,14.1,30,1.3
545,안산,2017-05-31,20.8,13.9,27.6,1.3
545,안산,2017-06-01,21,15.8,24.9,2.9
545,안산,2017-06-02,18.8,11,23.7,2.6
545,안산,2017-06-03,18.8,12.7,24.2,3
545,안산,2017-06-04,19,10.2,27,2.1
545,안산,2017-06-05,20.6,11.4,29.6,1.3
545,안산,2017-06-06,18.4,14.8,22.9,1.6
545,안산,2017-06-07,17.4,15.4,19,2.3
545,안산,2017-06-08,18.8,15.1,24.7,2.1
545,안산,2017-06-09,20.2,13.9,26.8,2.1
545,안산,2017-06-10,19.7,12.5,26,1.6
545,안산,2017-06-11,19.9,9.6,27.7,1.8
545,안산,2017-06-12,20.5,0,26.7,.4
545,안산,2017-06-13,19.9,14.7,24.7,2.1
545,안산,2017-06-14,19.9,15.1,25.2,2.1
545,안산,2017-06-15,21.1,14.8,27.6,1.6
545,안산,2017-06-16,22.8,16.3,31.7,1.6
545,안산,2017-06-17,21.4,15.4,27.8,1.7
545,안산,2017-06-18,21,13.2,30.1,1.7
545,안산,2017-06-19,21.6,16.3,28.7,1.3
545,안산,2017-06-20,22.8,15,30.9,1.5
545,안산,2017-06-21,22.7,16.5,29.3,2.1
545,안산,2017-06-22,23.1,18.7,28.9,1.8
545,안산,2017-06-23,23.3,17.6,31.8,1.7
545,안산,2017-06-24,21.4,17.4,26.1,.8
545,안산,2017-06-25,23.3,18.2,28.8,1.5
545,안산,2017-06-26,22.4,19.2,29.8,1.2
545,안산,2017-06-27,23.5,18.5,29.3,1.7
545,안산,2017-06-28,24,19.9,29.5,1.6
545,안산,2017-06-29,23.8,18.1,30.3,1.5
545,안산,2017-06-30,23.9,20.6,28.7,1.8
545,안산,2017-07-01,23.3,19.9,28.9,.7
545,안산,2017-07-02,24.6,22.9,26.5,1.4
545,안산,2017-07-03,24.2,23.1,26.9,2.6
545,안산,2017-07-04,25.2,21.4,29.8,1.7
545,안산,2017-07-05,25.9,21.1,31.9,1.1
545,안산,2017-07-06,26.3,20.6,33,1.2
545,안산,2017-07-07,25.7,22.9,28.5,1.3
545,안산,2017-07-08,25.4,23.6,28.6,1.3
545,안산,2017-07-09,26.4,22.8,31.9,1.3
545,안산,2017-07-10,24.4,22.7,25.7,1.9
545,안산,2017-07-11,25.8,22.4,31,1.3
545,안산,2017-07-12,25.1,21.4,30,1.2
545,안산,2017-07-13,25.7,19.9,31.4,1
545,안산,2017-07-14,27.2,22.9,32.4,1.4
545,안산,2017-07-15,24.1,22.8,25.7,1.1
545,안산,2017-07-16,24.8,22.9,27.9,.9
545,안산,2017-07-17,25.5,22.9,28.7,.9
545,안산,2017-07-18,25.4,22.8,30.1,1.3
545,안산,2017-07-19,26.7,23.8,32.1,1.4
545,안산,2017-07-20,27.5,22.9,33.5,1
545,안산,2017-07-21,28.1,24.3,32.3,1.1
545,안산,2017-07-22,27.9,25.6,32.1,1.1
545,안산,2017-07-23,26.5,25.6,27.8,1.4
545,안산,2017-07-24,25.3,24.6,27.5,.4
545,안산,2017-07-25,28,24.6,34,1.3
545,안산,2017-07-26,26.9,21.9,31.8,1.3
545,안산,2017-07-27,25.6,21.3,29.5,.8
545,안산,2017-07-28,25,23.5,26.8,.8
545,안산,2017-07-29,26.6,23.7,30.2,1.2
545,안산,2017-07-30,26.1,22.7,30.8,1.3
545,안산,2017-07-31,23.6,22.6,24.4,.9
545,안산,2017-08-01,26.5,22.7,32.5,.9
545,안산,2017-08-02,28.2,23.3,32.9,.7
545,안산,2017-08-03,27.4,23.5,32.6,1.1
545,안산,2017-08-04,27.8,23.4,33.4,1
545,안산,2017-08-05,29.3,24,35.1,.9
545,안산,2017-08-06,27.8,25,31.8,1.1
545,안산,2017-08-07,27,23.3,32.2,1.6
545,안산,2017-08-08,25.8,22.6,31.2,1
545,안산,2017-08-09,25.9,22.8,30.4,1.1
545,안산,2017-08-10,24.3,23.1,26.1,.7
545,안산,2017-08-11,25.5,22.4,30.9,.8
545,안산,2017-08-12,25.6,20.5,31.2,.9
545,안산,2017-08-13,24.8,22,26.8,1.3
545,안산,2017-08-14,23.2,22.1,25.4,1.6
545,안산,2017-08-15,22,20.9,22.7,2
545,안산,2017-08-16,24.1,21.6,27.7,1.9
545,안산,2017-08-17,24.2,21.3,28.6,1.3
545,안산,2017-08-18,24.4,20.8,29.3,.8
545,안산,2017-08-19,24.5,20.9,27.9,.8
545,안산,2017-08-20,23.5,21.5,26.2,1.8
545,안산,2017-08-21,24.8,22.6,28.7,1.5
545,안산,2017-08-22,25.6,22,30.7,1
545,안산,2017-08-23,26.9,22.2,31.1,2.1
545,안산,2017-08-24,25.9,21.9,29,2.5
545,안산,2017-08-25,24.2,18.8,30.4,1.3
545,안산,2017-08-26,21.9,15.6,27.8,1.4
545,안산,2017-08-27,20.5,16.5,25.9,.4
545,안산,2017-08-28,20.4,16.5,25.7,.9
545,안산,2017-08-29,19.6,15.8,23.6,1.5
545,안산,2017-08-30,18.5,14.7,23.3,.9
545,안산,2017-08-31,19.9,13.4,27.4,1
545,안산,2017-09-01,20.2,12.7,27.8,1.1
545,안산,2017-09-02,20.8,14.7,28.1,1
545,안산,2017-09-03,21.6,15.3,28.9,1
545,안산,2017-09-04,21.4,15.6,28.3,.7
545,안산,2017-09-05,19.9,16.1,23.3,.6
545,안산,2017-09-06,19.2,17.8,21.6,.3
545,안산,2017-09-07,20.9,15.2,26.9,1.2
545,안산,2017-09-08,22.3,17.6,28.3,1.3
545,안산,2017-09-09,21.6,16.8,28.4,1
545,안산,2017-09-10,20.8,16.5,24.6,.5
545,안산,2017-09-11,19.8,16.5,24,.9
545,안산,2017-09-12,20.4,13.6,26.5,1.6
545,안산,2017-09-13,18.5,11.4,26.1,1.5
545,안산,2017-09-14,18.9,11.1,27.4,1
545,안산,2017-09-15,21.2,13.9,27.7,1.6
545,안산,2017-09-16,20.4,11.9,27,1.8
545,안산,2017-09-17,21.3,14.8,28.5,1.3
545,안산,2017-09-18,19.4,12.2,27,1.3
545,안산,2017-09-19,21.2,14.9,26.7,1.7
545,안산,2017-09-20,17,10.1,23.3,1.7
545,안산,2017-09-21,17.3,10.2,25.7,.9
545,안산,2017-09-22,18.2,11.6,26.5,1.2
545,안산,2017-09-23,20,13.9,26.9,1.2
545,안산,2017-09-24,21.9,16.8,27.8,1.4
545,안산,2017-09-25,21.6,16.4,28.9,.9
545,안산,2017-09-26,21.7,15,29.2,.7
545,안산,2017-09-27,20.7,16.7,26.2,.8
545,안산,2017-09-28,19.1,12,23.9,2.6
545,안산,2017-09-29,13.9,6,22.4,1.3
545,안산,2017-09-30,17.3,8.9,26.7,1.1
545,안산,2017-10-01,16.6,13,20.2,1.1
545,안산,2017-10-02,20.7,15.5,27.6,1.3
545,안산,2017-10-03,16.4,9.8,22.8,1.3
545,안산,2017-10-04,15.8,8.6,23.3,1.1
545,안산,2017-10-05,16.2,10.5,22.4,1.1
545,안산,2017-10-06,17.2,,,
545,안산,2017-10-07,19.2,15.6,26.6,.6
545,안산,2017-10-08,19.8,15.8,27.4,1.1
545,안산,2017-10-09,20,15.3,27,1
545,안산,2017-10-10,20.2,14.8,24.8,.7
545,안산,2017-10-12,10.9,4.6,14.5,1
545,안산,2017-10-13,10.5,2.2,17.9,.9
545,안산,2017-10-14,12.6,4.1,20.4,.8
545,안산,2017-10-15,12.6,4.3,21.9,.9
545,안산,2017-10-16,14.6,9.8,21.1,.6
545,안산,2017-10-17,12.4,3.9,22.8,.8
545,안산,2017-10-18,14.8,9.4,18.5,1.1
545,안산,2017-10-19,14.1,8.7,22.7,.6
545,안산,2017-10-20,13.2,6.3,23.2,1
545,안산,2017-10-21,13.6,6,24.1,.7
545,안산,2017-10-22,14.5,4.7,23.5,1.9
545,안산,2017-10-23,11.7,5.1,19.4,1
545,안산,2017-10-24,11,5,20.5,.8
545,안산,2017-10-25,11.1,3.8,19.5,1.1
545,안산,2017-10-26,12.9,6.5,19.6,.7
545,안산,2017-10-27,13.9,7.6,22.6,.8
545,안산,2017-10-28,13.9,5.4,23.9,.7
545,안산,2017-10-29,10.2,5.5,17.7,2.6
545,안산,2017-10-30,5.2,-2.1,12.6,1.4
545,안산,2017-10-31,7.1,-2.4,16.7,1
545,안산,2017-11-01,12.8,6.3,19.8,1.4
545,안산,2017-11-02,14.2,9.4,18.6,1.3
545,안산,2017-11-03,11.3,7,16.3,2.7
545,안산,2017-11-04,6.4,-.2,13.8,1.4
545,안산,2017-11-05,5.9,-1.8,15.2,.9
545,안산,2017-11-06,9.2,3.6,16.5,1
545,안산,2017-11-07,14.2,3.8,20.7,1.1
545,안산,2017-11-08,12.6,3.4,17.6,2.6
545,안산,2017-11-09,6.3,-1.3,16.4,.7
545,안산,2017-11-10,9,1.5,17.1,2.5
545,안산,2017-11-11,5.1,-1.5,11.1,1.6
545,안산,2017-11-12,2.9,-3.9,11.7,.8
545,안산,2017-11-13,8,-1.4,12.7,1.1
545,안산,2017-11-14,7.6,.7,12.4,2.5
545,안산,2017-11-15,4.1,-.7,8.6,1.8
545,안산,2017-11-16,-.2,-6.1,7.3,.9
545,안산,2017-11-17,2.5,-5.8,7.1,1.1
545,안산,2017-11-18,-.9,-3.9,3.1,2.4
545,안산,2017-11-19,-1.1,-8.8,5.3,1.3
545,안산,2017-11-20,-.7,-6.9,8,.7
545,안산,2017-11-21,-.6,-7.2,8,.6
545,안산,2017-11-22,4.5,-2.9,12.5,2.1
545,안산,2017-11-23,1.1,-5.8,6.9,1.4
545,안산,2017-11-24,0,-5,4.5,1
545,안산,2017-11-25,4.3,-6.1,9.9,1.8
545,안산,2017-11-26,3,-2.4,10.2,.9
545,안산,2017-11-27,0,-6.4,8.9,.6
545,안산,2017-11-28,4.8,-2.8,11.8,.6
545,안산,2017-11-29,4.1,-1.3,8.5,2
545,안산,2017-11-30,-1.2,-4.2,3.5,2.3
545,안산,2017-12-01,-2.6,-10.1,4.2,.8
545,안산,2017-12-02,-.1,-7.8,8.1,.7
545,안산,2017-12-03,3.9,0,8.9,.9
545,안산,2017-12-04,.9,-5.4,4.1,2.7
545,안산,2017-12-05,-3.5,-8.5,.4,1.8
545,안산,2017-12-06,1.4,-5.5,6.1,1.4
545,안산,2017-12-07,.9,-2.9,7,1.2
545,안산,2017-12-08,-2.6,-4.8,.5,1.7
545,안산,2017-12-09,-1.5,-7.7,5.1,.5
545,안산,2017-12-10,2.8,-1.5,8.6,2.6
545,안산,2017-12-11,-5.1,-9.7,-.8,3.5
545,안산,2017-12-12,-7.7,-12.3,-3.3,1.3
545,안산,2017-12-13,-7.8,-12.5,-2.7,1.2
545,안산,2017-12-14,-7.1,-13.9,-.5,.6
545,안산,2017-12-15,-3,-11,2.3,.6
545,안산,2017-12-16,-4,-6.8,-.6,1.8
545,안산,2017-12-17,-6.2,-12.4,-.9,1.2
545,안산,2017-12-18,.8,-6.4,7.1,2.3
545,안산,2017-12-19,-4.3,-9.9,.4,1.6
545,안산,2017-12-20,-2.8,-11.6,3.5,1
545,안산,2017-12-21,-2.9,-9.4,4.6,.5
545,안산,2017-12-22,2.2,-6.7,8.6,.8
545,안산,2017-12-23,3.5,-.1,8.7,.6
545,안산,2017-12-24,2.7,.6,5.3,1.7
545,안산,2017-12-25,-1.9,-4.6,1.2,2.3
545,안산,2017-12-26,-3.5,-7.4,.6,2.4
545,안산,2017-12-27,-6.5,-10.2,-2.5,1.4
545,안산,2017-12-28,-1.4,-10.2,2.1,.5
545,안산,2017-12-29,1.3,-4.2,7,.8
545,안산,2017-12-30,1,-4.9,5.7,.5
545,안산,2017-12-31,.3,-3.4,4.5,1.9
545,안산,2018-01-01,-3.4,-9,4.2,.6
545,안산,2018-01-02,-2.3,-7.8,3.1,1.2
545,안산,2018-01-03,-3.7,-8.4,.7,1.4
545,안산,2018-01-04,-4.6,-10.1,-.6,.8
545,안산,2018-01-05,-4.7,-8.6,1.4,1
545,안산,2018-01-06,-4.8,-11.3,3.2,.9
545,안산,2018-01-07,-2.4,-10.2,3.4,.4
545,안산,2018-01-08,1.2,-1,4.3,1.8
545,안산,2018-01-09,-2.6,-6,.2,2.8
545,안산,2018-01-10,-6.7,-12.9,-2.7,2.2
545,안산,2018-01-11,-9.5,-12.4,-6,2.3
545,안산,2018-01-12,-9.7,-17.9,-5.1,1
545,안산,2018-01-13,-4.3,-8,.5,1.1
545,안산,2018-01-14,-.1,-8.5,6.1,1.2
545,안산,2018-01-15,2.4,-3,7.8,1.1
545,안산,2018-01-16,2.1,-3.8,7.7,.3
545,안산,2018-01-17,2.2,-1.8,7.6,.8
545,안산,2018-01-18,.9,-2.9,6.2,.7
545,안산,2018-01-19,-.3,-5.2,6,.9
545,안산,2018-01-20,-.8,-6.3,6.9,.8
545,안산,2018-01-21,-1.9,-8.3,5.7,.6
545,안산,2018-01-22,.6,-3.6,6.1,1.4
545,안산,2018-01-23,-9.6,-13.2,-3.4,3.6
545,안산,2018-01-24,-12.2,-14.7,-7.9,2.2
545,안산,2018-01-25,-12.3,-14.8,-7.9,2
545,안산,2018-01-26,-13.3,-16.1,-8.8,1.8
545,안산,2018-01-27,-10.4,-17.7,-2.8,.9
545,안산,2018-01-28,-5.3,-11.3,0,1.7
545,안산,2018-01-29,-7.5,-12.7,-3.5,1.7
545,안산,2018-01-30,-6,-15.9,1.1,.9
545,안산,2018-01-31,-3.4,-9.2,1,.6
545,안산,2018-02-01,-5.7,-13.9,2.9,1
545,안산,2018-02-02,-5,-12.8,3.3,1
545,안산,2018-02-03,-6,-9.2,-2.5,3.6
545,안산,2018-02-04,-7.8,-11.6,-4.4,2.6
545,안산,2018-02-05,-9.1,-16.9,-4.2,2.5
545,안산,2018-02-06,-8.9,-14.2,-4.8,2.6
545,안산,2018-02-07,-9.2,-18.2,-1.3,1
545,안산,2018-02-08,-6.4,-14.6,2.6,.6
545,안산,2018-02-09,-.7,-10.4,7.2,.7
545,안산,2018-02-10,-.9,-6.5,5,2.6
545,안산,2018-02-11,-5.8,-12.1,-.7,1.4
545,안산,2018-02-12,-7.4,-18.1,-1.6,1.5
545,안산,2018-02-13,-3.1,-15.1,5.6,1.3
545,안산,2018-02-14,2.7,-2.5,9.1,2.4
545,안산,2018-02-15,-1.6,-7.9,3.6,1.7
545,안산,2018-02-16,-2.5,-10.1,4.7,1.2
545,안산,2018-02-17,-2.8,-6.4,1.6,2.1
545,안산,2018-02-18,-1.6,-7.8,5.5,.8
545,안산,2018-02-19,-1.1,-7.3,7,1
545,안산,2018-02-20,.4,-6.6,7.3,1.2
545,안산,2018-02-21,-1.6,-7.3,4.9,1.6
545,안산,2018-02-22,.3,-8.8,7,1.6
545,안산,2018-02-23,4.7,-2.4,10.7,1.9
545,안산,2018-02-24,1.1,-4.1,6.9,1.4
545,안산,2018-02-25,.3,-4.7,7,1.2
545,안산,2018-02-26,0,-7.7,9.3,.8
545,안산,2018-02-27,1.7,-5.5,7.9,.2
545,안산,2018-02-28,4.3,1,8.9,1.8
545,안산,2018-03-01,.3,-3.4,3.9,4.2
545,안산,2018-03-02,-.8,-8.1,6,.9
545,안산,2018-03-03,6.9,-2.5,16.6,.9
545,안산,2018-03-04,9.6,6.2,13.1,1.1
545,안산,2018-03-05,6.2,1.7,12.2,2.6
545,안산,2018-03-06,2.7,-4,9.4,1
545,안산,2018-03-08,3.9,0,9,1.6
545,안산,2018-03-09,3.5,-1.2,9.2,1
545,안산,2018-03-10,3.2,-3.5,9.6,1.1
545,안산,2018-03-11,4.7,-1,11.4,1
545,안산,2018-03-12,5.4,-1.8,15.8,1
545,안산,2018-03-13,11.6,-.6,18,1.6
545,안산,2018-03-14,16.2,12.7,22.9,1.4
545,안산,2018-03-15,11,7.1,15.4,1.5
545,안산,2018-03-16,7.9,3.1,13.3,1.8
545,안산,2018-03-17,5.3,-1.6,14.3,1.1
545,안산,2018-03-18,7.2,2.4,12.3,.7
545,안산,2018-03-19,8.9,6.8,11.1,2
545,안산,2018-03-20,6.3,3,10.5,3.9
545,안산,2018-03-21,2,.7,4.1,1.7
545,안산,2018-03-22,4,-1.1,10.3,1.4
545,안산,2018-03-23,4.2,-2.2,11.9,1
545,안산,2018-03-24,6.3,.1,13.4,1.5
545,안산,2018-03-25,7.7,4.5,15.8,1.3
545,안산,2018-03-26,8.9,3.6,18.1,1.1
545,안산,2018-03-27,10.9,2,21.1,1.1
545,안산,2018-03-28,12.5,4.6,20.1,1.3
545,안산,2018-03-29,13.4,6.4,19.3,1.2
545,안산,2018-03-30,11.9,4,20.8,1.4
545,안산,2018-03-31,12.1,4.6,20.3,1.3
545,안산,2018-04-01,13.9,6.7,18.4,.8
545,안산,2018-04-02,16.1,9.2,24.7,1.3
545,안산,2018-04-03,16.8,12.1,22.4,1.4
545,안산,2018-04-04,12.6,9.7,17.6,1.9
545,안산,2018-04-05,8.4,7.7,10,2.4
545,안산,2018-04-06,6.6,4.1,9.5,3.5
545,안산,2018-04-07,5.2,3.1,9.4,4.3
545,안산,2018-04-08,6.4,-.3,10.7,1.9
545,안산,2018-04-09,7.9,-.6,16.6,.8
545,안산,2018-04-10,15,3.5,23.3,3
545,안산,2018-04-11,11.3,5.6,16.9,2.3
545,안산,2018-04-12,10,2.2,18.4,1.5
545,안산,2018-04-13,13.3,3,20.1,1.4
545,안산,2018-04-14,9.2,7.4,14.1,1.6
545,안산,2018-04-15,8.7,4.1,13.9,2
545,안산,2018-04-16,9.4,1,17.6,1.2
545,안산,2018-04-17,10.2,2.3,19.3,1.2
545,안산,2018-04-18,9.5,1.4,17.5,1.1
545,안산,2018-04-19,11.7,1.8,20.2,1
545,안산,2018-04-20,14.5,6.1,23.7,1.1
545,안산,2018-04-21,15.3,5.9,24.9,1.2
545,안산,2018-04-22,14.8,9.3,19.7,1.2
545,안산,2018-04-23,10.7,10,13.9,3.4
545,안산,2018-04-24,12.2,6.7,17,2
545,안산,2018-04-25,11.6,1.9,21.5,1.2
545,안산,2018-04-26,12.3,5.1,21.3,1.1
545,안산,2018-04-27,12.7,5.3,20.6,1.2
545,안산,2018-04-28,12.9,6.8,20.3,1.2
545,안산,2018-04-29,13.8,5,22.6,1.1
545,안산,2018-04-30,17.5,9.2,23.5,1.2
545,안산,2018-05-01,19.1,16.7,24.3,1.1
545,안산,2018-05-02,15,10.7,20.3,2
545,안산,2018-05-03,11.3,5.3,16.8,2.8
545,안산,2018-05-04,13.3,7.8,19.6,3.1
545,안산,2018-05-05,16.9,6.2,24.5,1.6
545,안산,2018-05-06,15.7,13.9,19.5,1.4
545,안산,2018-05-07,16.9,11.3,25.3,1
545,안산,2018-05-08,17.5,10.6,23.4,2.2
545,안산,2018-05-09,13.3,6.5,20.9,1.6
545,안산,2018-05-10,13.5,7.5,20.5,1.7
545,안산,2018-05-11,14.2,10.4,20.8,1.4
545,안산,2018-05-12,14.2,11.5,15.9,1.1
545,안산,2018-05-13,13.9,10.9,17.9,1.7
545,안산,2018-05-14,16.6,10.3,25,1
545,안산,2018-05-15,21.4,11.9,28.5,.7
545,안산,2018-05-16,22.4,21,24,1.5
545,안산,2018-05-17,20.9,18.5,24.5,1.3
545,안산,2018-05-18,16.2,11.9,18.5,1.2
545,안산,2018-05-19,16.8,8.5,24.3,1.9
545,안산,2018-05-20,15.5,7.9,23.6,1.2
545,안산,2018-05-21,15,5.9,23.1,1.1
545,안산,2018-05-22,17.2,11.9,23.6,.7
545,안산,2018-05-23,15.6,9.3,19.8,1.9
545,안산,2018-05-24,16.8,7.9,24.2,1.5
545,안산,2018-05-25,17,9.5,25.8,1
545,안산,2018-05-26,17.7,9.3,27.4,1
545,안산,2018-05-27,16.7,11.8,23.9,1
545,안산,2018-05-28,18.7,10.1,27.6,1.1
545,안산,2018-05-29,19.5,16.2,25.9,1
545,안산,2018-05-30,17.7,12.4,23.5,1.5
545,안산,2018-05-31,17.5,10.7,24.1,1.3
545,안산,2018-06-01,19.5,12.5,27.9,1.3
545,안산,2018-06-02,19,11.9,27.8,1.3
545,안산,2018-06-03,19.7,11.4,29.2,.9
545,안산,2018-06-04,19.9,12.8,25.6,1.1
545,안산,2018-06-05,21.2,15.5,28.2,1.1
545,안산,2018-06-06,19.3,13.7,25.1,1.5
545,안산,2018-06-07,19.5,15.2,26.2,1.4
545,안산,2018-06-08,20.1,16,24.8,1.8
545,안산,2018-06-09,22,16.1,28.7,1.1
545,안산,2018-06-10,20.8,16.4,25.2,1.3
545,안산,2018-06-11,19.7,14.7,24.5,1.3
545,안산,2018-06-12,19.6,15,25.3,1.4
545,안산,2018-06-13,20.5,14.3,27.1,1
545,안산,2018-06-14,21.5,18.3,25.6,1.3
545,안산,2018-06-16,20.6,13.6,27.3,1.6
545,안산,2018-06-17,19.6,13.7,26.8,.9
545,안산,2018-06-18,21.4,15.8,29.1,1.1
545,안산,2018-06-19,20.3,14.5,25.3,1.1
545,안산,2018-06-20,21.3,16.1,26.9,1.9
545,안산,2018-06-21,21,16,26.3,1.8
545,안산,2018-06-22,22.2,15.5,31.1,1.1
545,안산,2018-06-23,22.3,16.3,28.7,1.4
545,안산,2018-06-24,23.3,18.9,31,1.4
545,안산,2018-06-25,24.1,17.5,32.3,.8
545,안산,2018-06-26,21.2,19.5,24.1,2.2
545,안산,2018-06-27,21,18.3,27.5,1.5
545,안산,2018-06-28,22.5,19.7,25.9,.9
545,안산,2018-06-29,22.9,18.8,27.9,1.1
545,안산,2018-06-30,23.6,19,29.2,.6
545,안산,2018-07-01,21.3,20.5,22.5,1.2
545,안산,2018-07-02,22.5,20.2,28.1,1.4
545,안산,2018-07-03,25.9,21.9,32.9,1.2
545,안산,2018-07-04,25.2,21.5,30.3,1.5
545,안산,2018-07-05,25.4,21.9,30.3,1.3
545,안산,2018-07-06,24.2,21.9,28.1,2.3
545,안산,2018-07-07,24,20.3,29.7,1.7
545,안산,2018-07-08,22.5,17.1,28.2,1.4
545,안산,2018-07-09,20.8,20,22.6,1.5
545,안산,2018-07-10,24.1,20.3,27.1,1.1
545,안산,2018-07-11,26.7,23.6,32,1.1
545,안산,2018-07-12,26.3,22.7,31.4,1.2
545,안산,2018-07-13,25.8,21.9,31.1,1
545,안산,2018-07-14,26.5,21.3,32.1,1.1
545,안산,2018-07-15,26.3,21.5,32.7,1.1
545,안산,2018-07-16,26,20.5,32.5,1.1
545,안산,2018-07-17,25.7,20.1,30.9,1.2
545,안산,2018-07-18,25.9,20.2,31.9,1.2
545,안산,2018-07-19,25.6,19.9,31,1.4
545,안산,2018-07-20,26.4,20.3,32.9,1.1
545,안산,2018-07-21,26.8,20.1,35,1
545,안산,2018-07-22,28.2,20.4,36.4,.9
545,안산,2018-07-23,28.9,24.2,34.9,1
545,안산,2018-07-24,29,22.9,35.3,1
545,안산,2018-07-25,28.3,24.6,33,1.2
545,안산,2018-07-26,28.3,23.6,33.4,1.1
545,안산,2018-07-27,28.6,24.8,34.3,1.6
545,안산,2018-07-28,28.1,24,34.7,1
545,안산,2018-07-29,30.2,23.2,36.4,1.7
545,안산,2018-07-30,29.7,23.1,36.8,1
545,안산,2018-07-31,29.6,23,36.7,1
545,안산,2018-08-01,29.7,23.6,37.2,1.2
545,안산,2018-08-02,29.8,24.4,36.8,1
545,안산,2018-08-03,29.9,24.5,37.1,1.2
545,안산,2018-08-04,28.9,24.5,34,1.2
545,안산,2018-08-05,28.8,24.6,33.5,1.5
545,안산,2018-08-06,29.1,25.9,34.2,1.5
545,안산,2018-08-07,29.3,23.9,35.3,1.2
545,안산,2018-08-08,29.3,25.6,34.7,1.7
545,안산,2018-08-09,28.1,24.5,32.7,1.3
545,안산,2018-08-10,29.7,23.8,34.8,1.1
545,안산,2018-08-11,29.4,24.1,36.2,1.1
545,안산,2018-08-12,29.3,23.9,35.3,1.1
545,안산,2018-08-13,30,24.2,36.4,1
545,안산,2018-08-14,30.1,24,36.3,1
545,안산,2018-08-15,30.9,24.4,38.5,1.1
545,안산,2018-08-16,29.5,24.5,36.2,2.1
545,안산,2018-08-17,26.7,21.4,33.4,2.1
545,안산,2018-08-18,24.2,17.2,31.8,1.2
545,안산,2018-08-19,25.6,18.6,33.5,.9
545,안산,2018-08-20,27.3,20.4,33.6,1.4
545,안산,2018-08-21,24.6,20.7,29.9,1.4
545,안산,2018-08-23,27.7,24.5,32.7,1.7
545,안산,2018-08-24,24,22.1,26.7,2
545,안산,2018-08-25,23.7,18.7,28.8,1.3
545,안산,2018-08-26,20.3,17.1,27,.8
545,안산,2018-08-27,22.2,18.8,24.6,.7
545,안산,2018-08-28,23.3,22.1,25.4,.8
545,안산,2018-08-29,25.9,22.5,29.6,1.9
545,안산,2018-08-30,25.7,23.7,29.4,1.3
545,안산,2018-08-31,23.2,18.8,28.6,1
545,안산,2018-09-01,23.9,17.2,30.5,1.2
545,안산,2018-09-02,24.1,17.7,28.9,1.2
545,안산,2018-09-03,23.6,21.9,28.5,1
545,안산,2018-09-04,23.2,18.5,27.8,1.6
545,안산,2018-09-05,22,16.3,28,1.5
545,안산,2018-09-06,22.5,17.2,28.6,1.1
545,안산,2018-09-07,20.1,13.3,25,1.6
545,안산,2018-09-08,18.9,11,27.1,.8
545,안산,2018-09-09,18.9,11.1,27.3,.8
545,안산,2018-09-10,20.5,13.6,27.8,.9
545,안산,2018-09-11,18.8,12.2,25.5,.9
545,안산,2018-09-12,20.2,12.3,27.6,.9
545,안산,2018-09-13,21.5,16.6,27.9,.8
545,안산,2018-09-14,21.6,16.6,24.9,.9
545,안산,2018-09-15,21.1,19.5,23.3,.7
545,안산,2018-09-16,21.2,19.7,24.2,.8
545,안산,2018-09-17,20.1,14.9,25.8,.8
545,안산,2018-09-18,19.5,13.5,26.1,.7
545,안산,2018-09-19,19.7,15.4,25.5,.7
545,안산,2018-09-20,18.7,17.1,19.6,1.5
545,안산,2018-09-21,18.8,16.5,22.5,1
545,안산,2018-09-22,18.4,11.7,25.8,.8
545,안산,2018-09-23,17.8,11.6,25.3,.7
545,안산,2018-09-24,15.2,9.1,22.5,1
545,안산,2018-09-25,14.9,6.1,23.7,.6
545,안산,2018-09-26,16.5,11.6,24.2,1
545,안산,2018-09-27,15.5,8.2,24.9,.7
545,안산,2018-09-28,15.5,9.5,22.7,.9
545,안산,2018-09-29,17.7,9.8,26.3,.7
545,안산,2018-09-30,16.4,10.4,21.7,1.5
545,안산,2018-10-01,15.1,10,20.5,1.4
545,안산,2018-10-02,13.1,5.9,21.3,.8
545,안산,2018-10-03,14.3,6.5,23.5,.7
545,안산,2018-10-04,16.6,8.2,25.7,1
545,안산,2018-10-05,16.3,14.4,17.9,1
545,안산,2018-10-06,16.9,12.6,22.7,1.5
545,안산,2018-10-07,14.1,6.9,21.4,.9
545,안산,2018-10-08,11,4.6,20.5,.4
545,안산,2018-10-09,13.4,5.8,19.4,.5
545,안산,2018-10-10,12.4,5.2,16,1.9
545,안산,2018-10-11,8.2,1.3,15.7,1.2
545,안산,2018-10-12,8.3,.5,17,.8
545,안산,2018-10-13,9.2,1.4,18.9,.5
545,안산,2018-10-14,10.6,2.4,19.5,.5
545,안산,2018-10-15,12.3,5.8,21.1,.6
545,안산,2018-10-16,11.3,5.8,20.6,.5
545,안산,2018-10-17,9.1,2.9,18.2,.6
545,안산,2018-10-18,8.8,1,19.3,.7
545,안산,2018-10-19,9.8,1.7,19.4,.7
545,안산,2018-10-20,9.2,1.3,20.6,.5
545,안산,2018-10-21,9.4,1.7,20,.5
545,안산,2018-10-22,10,3.6,20.3,.4
545,안산,2018-10-23,9.8,3.8,16.7,.4
545,안산,2018-10-24,9.3,2.6,19,.6
545,안산,2018-10-25,10.5,2.2,21,.4
545,안산,2018-10-26,11.7,7.6,15.4,1
545,안산,2018-10-27,9.3,4.2,13.5,1.9
545,안산,2018-10-28,,2.7,15.3,1
545,안산,2018-10-29,7.4,2.6,13.5,1.1
545,안산,2018-10-30,5.1,-2.5,11.6,.9
545,안산,2018-10-31,5.8,-.2,12.5,1
545,안산,2018-11-01,5.5,-2.4,15.5,.6
545,안산,2018-11-02,7.9,-.6,18.9,.5
545,안산,2018-11-03,7.7,-.5,18.9,.5
545,안산,2018-11-04,8,-.2,18.9,.7
545,안산,2018-11-05,8.5,.4,17.6,.5
545,안산,2018-11-06,9.8,3.6,16.9,.4
545,안산,2018-11-07,12.8,9.5,17.6,.4
545,안산,2018-11-08,13.1,11.8,15.3,1.6
545,안산,2018-11-09,11.5,4.9,16.5,1.6
545,안산,2018-11-10,8.9,3.5,17.2,.6
545,안산,2018-11-11,6.4,1.7,11.7,.5
545,안산,2018-11-12,5.4,-.8,14.3,.7
545,안산,2018-11-13,5.3,-1.5,15.2,.5
545,안산,2018-11-14,6.2,-1.2,16.3,.5
545,안산,2018-11-15,6.7,-.7,16.5,.4
545,안산,2018-11-16,7.9,2.6,15,.8
545,안산,2018-11-17,3.4,-3.2,11.8,.7
545,안산,2018-11-18,4.6,-2.3,11.9,.4
545,안산,2018-11-19,5.1,-1.7,14,.6
545,안산,2018-11-20,3.6,-4.9,13.1,.6
545,안산,2018-11-21,4.9,-1.3,8.3,.5
545,안산,2018-11-22,2.5,-5.2,8,.9
545,안산,2018-11-23,.2,-6.9,7.9,.5
545,안산,2018-11-24,3.4,.6,6.8,1.6
545,안산,2018-11-25,4.4,-.4,11.7,.4
545,안산,2018-11-26,4.1,-2,13.9,.4
545,안산,2018-11-27,6.1,-2,13.4,.5
545,안산,2018-11-28,3.4,-2.6,11.6,.7
545,안산,2018-11-29,1.9,-4.1,8.2,.4
545,안산,2018-11-30,.3,-6.3,8.9,.5
545,안산,2018-12-01,2.9,-3.1,12.6,.4
545,안산,2018-12-02,6.6,-3.1,14.4,.7
545,안산,2018-12-03,11.4,8.4,13.1,.9
545,안산,2018-12-04,7.5,.7,10.8,1.8
545,안산,2018-12-05,1.1,-3.7,6.1,1.2
545,안산,2018-12-06,2.8,-1.3,7.7,1.3
545,안산,2018-12-07,-5.7,-9.1,-.2,2.5
545,안산,2018-12-08,-6.8,-10.2,-2.9,1.6
545,안산,2018-12-09,-7,-13.9,-.9,.8
545,안산,2018-12-10,-4.6,-11.4,4.8,.4
545,안산,2018-12-11,-.7,-6.4,4.6,.4
545,안산,2018-12-12,-2.5,-7.9,3,.9
545,안산,2018-12-13,-2.6,-8.2,4.1,1.2
545,안산,2018-12-14,-6.7,-12.9,.8,.6
545,안산,2018-12-15,-5.4,-13,3.5,.2
545,안산,2018-12-16,-1,-7.3,4.2,.4
545,안산,2018-12-17,-.1,-5.7,7.2,.5
545,안산,2018-12-18,-.9,-7.6,9.2,.4
545,안산,2018-12-19,.2,-5,9.4,.4
545,안산,2018-12-20,0,-5.1,11,.3
545,안산,2018-12-21,2.6,-5.8,11,.3
545,안산,2018-12-22,3.8,-2.8,11.4,.6
545,안산,2018-12-23,3.2,-3.2,9.1,1.7
545,안산,2018-12-24,-4,-9.4,3.7,.6
545,안산,2018-12-25,-2.7,-9.2,3.3,.3
545,안산,2018-12-26,-1.2,-5.4,3.6,1.7
545,안산,2018-12-27,-8.4,-11.3,-5.2,2.1
545,안산,2018-12-28,-10.4,-14.4,-5.2,1
545,안산,2018-12-29,-6.3,-12.4,-1.9,1.6
545,안산,2018-12-30,-9.1,-15.4,-1,.5
545,안산,2018-12-31,-6.5,-16,1.1,.4
545,안산,2019-01-01,-5.7,-11.9,0,.8
545,안산,2019-01-02,-7.5,-13.9,.5,.4
545,안산,2019-01-03,-6.4,-14,3.6,.5
545,안산,2019-01-04,-4.7,-11.8,4.1,.3
545,안산,2019-01-05,-3.6,-10.6,1.8,.9
545,안산,2019-01-06,-5.8,-11.7,2.4,.4
545,안산,2019-01-07,-4.8,-12,4.3,.4
545,안산,2019-01-08,-4.5,-11.4,2.2,1.4
545,안산,2019-01-09,-5.9,-13.8,1.4,.6
545,안산,2019-01-10,-2.3,-5.8,1.7,.3
545,안산,2019-01-11,1,-3.3,7.1,.4
545,안산,2019-01-12,.1,-6.2,7.4,.5
545,안산,2019-01-13,-2.6,-9.5,7.3,.5
545,안산,2019-01-14,-1.3,-8.3,5.2,.3
545,안산,2019-01-15,-1.7,-7.2,2.9,1.7
545,안산,2019-01-16,-4.5,-10.6,-.6,.9
545,안산,2019-01-17,-2.1,-8.4,5.5,.8
545,안산,2019-01-18,-2.9,-11.4,7.2,.4
545,안산,2019-01-19,1.1,-5.2,10.7,.4
545,안산,2019-01-20,-.6,-4.6,2.7,2.2
545,안산,2019-01-21,-3,-11.4,5.9,.9
545,안산,2019-01-22,-1.8,-8.8,8.3,.6
545,안산,2019-01-23,-.1,-8,8.3,.7
545,안산,2019-01-24,-3.5,-11.1,6.2,.5
545,안산,2019-01-25,-2.5,-10,4.5,1.3
545,안산,2019-01-26,-3.8,-9.8,2.1,1.1
545,안산,2019-01-27,-2.3,-13,5.4,.6
545,안산,2019-01-28,1.3,-4.2,5,1.5
545,안산,2019-01-29,-2.5,-11.4,6.4,.6
545,안산,2019-01-30,-.6,-7.7,7.6,.4
545,안산,2019-01-31,-1.1,-5.1,2,1.6
545,안산,2019-02-01,-4.1,-12.2,4.6,.7
545,안산,2019-02-02,.6,-9.1,7.9,.8
545,안산,2019-02-03,3.5,1.4,5.9,1
545,안산,2019-02-04,-1.3,-5.8,4,.8
545,안산,2019-02-05,.1,-7.5,10.1,.5
545,안산,2019-02-06,3.6,-4.9,10.6,.4
545,안산,2019-02-07,-1.4,-7.5,4.9,2.5
545,안산,2019-02-08,-5.3,-9.9,0,1.1
545,안산,2019-02-09,-4.1,-7.6,-.5,1.5
545,안산,2019-02-10,-4.5,-10.9,-1.3,.9
545,안산,2019-02-11,-4,-10.3,2.5,.9
545,안산,2019-02-12,-1.1,-8.4,4.7,.7
545,안산,2019-02-13,-2.5,-9.4,2.7,1
545,안산,2019-02-14,-2.2,-9,5.1,.7
545,안산,2019-02-15,-.5,-2.3,1.3,.8
545,안산,2019-02-16,-1.8,-5,1.9,1.3
545,안산,2019-02-17,-3.5,-10.9,4.2,.6
545,안산,2019-02-18,-1.2,-9.5,5.6,.6
545,안산,2019-02-19,.6,-2.4,3.3,.5
545,안산,2019-02-20,.9,-4.2,6.4,.7
545,안산,2019-02-21,-.5,-6.8,8.2,.6
545,안산,2019-02-22,.4,-6.2,9.4,.7
545,안산,2019-02-23,2.9,-4.3,14.3,.6
545,안산,2019-02-24,2.8,-5.5,12.4,.6
545,안산,2019-02-25,2.2,-3.6,8.8,.8
545,안산,2019-02-26,2.2,-6.9,10.2,.7
545,안산,2019-02-27,4.5,-.6,12.5,.6
545,안산,2019-02-28,2.8,-4.3,12.5,.6
545,안산,2019-03-01,2.6,-5,12.7,.6
545,안산,2019-03-02,3.7,-5.1,14.5,.5
545,안산,2019-03-03,5.6,-3.7,15.4,.7
545,안산,2019-03-04,5.7,-.3,14.2,.7
545,안산,2019-03-05,4.7,-2.7,13.2,.5
545,안산,2019-03-06,5.5,-.1,11,.8
545,안산,2019-03-07,4.1,-2.1,12.9,.8
545,안산,2019-03-08,2.6,-5.7,12.7,.6
545,안산,2019-03-09,4.5,-5.8,14.5,.5
545,안산,2019-03-10,8.5,0,16.4,.8
545,안산,2019-03-11,3.8,-2.7,9.4,.6
545,안산,2019-03-12,3.8,-.1,8.3,1.3
545,안산,2019-03-13,3.7,-1.9,8.8,1.4
545,안산,2019-03-14,4.1,-6.3,10.2,.8
545,안산,2019-03-15,5,-1.7,12.4,.8
545,안산,2019-03-16,4,-2.3,10,.9
545,안산,2019-03-17,3.8,-2.9,12.3,.7
545,안산,2019-03-18,4.4,-4.4,13.6,.6
545,안산,2019-03-19,6.6,-2.4,16.8,.6
545,안산,2019-03-20,8.4,.9,15.6,.9
545,안산,2019-03-21,7.1,2.6,11.2,1.7
545,안산,2019-03-22,4.1,-.2,9,1.5
545,안산,2019-03-23,3,-4.6,9.7,1.6
545,안산,2019-03-24,3,-4.6,10.1,.9
545,안산,2019-03-25,6.1,-2.3,13.8,1.2
545,안산,2019-03-26,8.7,1,16.2,.7
545,안산,2019-03-27,10,1.8,16.8,1.6
545,안산,2019-03-28,8,2.7,13.4,1.1
545,안산,2019-03-29,8.7,4.3,13.4,1.2
545,안산,2019-03-30,5.5,3.5,9.3,1.4
545,안산,2019-03-31,5.3,3.6,9.8,2.1
545,안산,2019-04-01,4.8,-3.3,11,1.2
545,안산,2019-04-02,5,-4,12.4,.8
545,안산,2019-04-03,5.5,-2.7,14,.9
545,안산,2019-04-04,7.3,-2.6,16.4,1.2
545,안산,2019-04-05,9.4,1.3,16.6,1.1
545,안산,2019-04-06,8.7,-.1,14.1,.7
545,안산,2019-04-07,11.4,2,20.2,1
545,안산,2019-04-08,9,.7,16.4,.9
545,안산,2019-04-09,8.6,4.1,14.4,2.2
545,안산,2019-04-10,6.8,3,10.5,1.1
545,안산,2019-04-11,7.6,.3,15.4,.7
545,안산,2019-04-12,8.2,.7,17.2,.7
545,안산,2019-04-13,9.1,.5,17.9,.7
545,안산,2019-04-14,8,2.1,13.9,.9
545,안산,2019-04-15,8.7,-1,18.4,.8
545,안산,2019-04-16,11.6,.5,22.9,.6
545,안산,2019-04-17,12.2,3.4,21.2,.8
545,안산,2019-04-18,11.2,5.2,18,.8
545,안산,2019-04-19,13.5,6.9,19.5,1
545,안산,2019-04-20,13.6,7.6,19.5,.9
545,안산,2019-04-21,13,8.8,20.1,.8
545,안산,2019-04-22,16,6,26.9,.9
545,안산,2019-04-23,16.9,10.2,24.8,.7
545,안산,2019-04-24,16.4,11.1,22.7,.8
545,안산,2019-04-25,12.6,8.2,17.4,1
545,안산,2019-04-26,8,5.4,10,.8
545,안산,2019-04-27,9.7,.8,16.7,1
545,안산,2019-04-28,11.3,5.8,18,.6
545,안산,2019-04-29,10.6,5.1,15.7,.4
545,안산,2019-04-30,12.9,4.4,21.1,.8
545,안산,2019-05-01,12.3,6.6,19.6,.9
545,안산,2019-05-02,13.6,4.5,24,.9
545,안산,2019-05-03,14,4,24.6,.8
545,안산,2019-05-04,14.8,6.2,24.8,.7
545,안산,2019-05-05,15.7,7.2,25.2,.8
545,안산,2019-05-06,12.8,6.3,19.1,1.9
545,안산,2019-05-07,12,2.6,21.8,.8
545,안산,2019-05-08,12.8,3.1,21.5,1
545,안산,2019-05-09,13.7,6.7,21.7,.9
545,안산,2019-05-10,13.6,4.5,23.7,.9
545,안산,2019-05-11,14.9,6.9,24.3,.9
545,안산,2019-05-12,16.2,6.6,26.3,.8
545,안산,2019-05-13,15.7,8.8,23.2,.7
545,안산,2019-05-14,16.7,8.6,25.8,.8
545,안산,2019-05-15,17.8,10.5,26.6,.8
545,안산,2019-05-16,20.1,12,29.1,.8
545,안산,2019-05-17,19.5,12.6,27.3,.7
545,안산,2019-05-18,20.4,14.3,25.3,1.6
545,안산,2019-05-19,18.8,17.1,20.7,1.3
545,안산,2019-05-20,14.9,8.1,19.3,1.2
545,안산,2019-05-21,15.1,6.6,23.8,1.2
545,안산,2019-05-22,16.9,7,26.7,1.1
545,안산,2019-05-23,18.4,8.8,28.6,.7
545,안산,2019-05-24,20.7,11.2,31.9,.9
545,안산,2019-05-25,20.1,12.4,28.4,.7
545,안산,2019-05-26,21.3,13.1,30.1,.8
545,안산,2019-05-27,16.5,14.4,21.8,1.6
545,안산,2019-05-28,16.3,7.5,23.2,1
545,안산,2019-05-29,17,8.2,26.2,.9
545,안산,2019-05-30,17.8,8.1,25.3,1.1
545,안산,2019-05-31,17.6,12,23.4,1.1
545,안산,2019-06-01,16.1,9.6,23.6,.9
545,안산,2019-06-02,18,9,26.9,.7
545,안산,2019-06-03,20.2,10.5,28.5,.8
545,안산,2019-06-04,19.8,11.5,27.9,.9
545,안산,2019-06-05,20,16.2,26.1,1.1
545,안산,2019-06-06,20.1,15.8,24.7,.9
545,안산,2019-06-07,19.1,15.5,24.8,1.5
545,안산,2019-06-08,19.3,12.3,26.7,.7
545,안산,2019-06-09,19.8,15.3,25.1,.9
545,안산,2019-06-10,17.9,14,23.1,1
545,안산,2019-06-11,18.3,12.6,25.2,.9
545,안산,2019-06-12,18.3,11.7,24.9,.8
545,안산,2019-06-13,19.9,12,27.3,.8
545,안산,2019-06-14,19.6,14.5,26.8,1
545,안산,2019-06-15,19.3,13.8,25.8,1
545,안산,2019-06-16,19.1,11.8,26.9,.8
545,안산,2019-06-17,19.6,13.9,24.9,1
545,안산,2019-06-18,20.1,15,25,.8
545,안산,2019-06-19,20.7,16.9,26.5,.7
545,안산,2019-06-20,21.3,16.8,26.6,1.1
545,안산,2019-06-21,20.7,16.6,25.8,.9
545,안산,2019-06-22,21.6,14.3,29.3,.9
545,안산,2019-06-23,21.9,13.1,29.5,.9
545,안산,2019-06-24,22.1,15.6,29.7,.8
545,안산,2019-06-25,22.1,13.3,30.8,.8
545,안산,2019-06-26,22.4,14.8,27.9,.7
545,안산,2019-06-27,23.6,19.5,28.8,.7
545,안산,2019-06-28,22.2,18.9,29.5,.6
545,안산,2019-06-29,21.8,18.4,26.5,.7
545,안산,2019-06-30,22.1,17.5,26.9,.9
545,안산,2019-07-01,21.9,16.8,28.4,.9
545,안산,2019-07-02,23,17.8,28.8,1
545,안산,2019-07-03,21.6,16.4,27.7,.9
545,안산,2019-07-04,22.6,15,30.3,.9
545,안산,2019-07-05,23.8,15.1,31.7,1
545,안산,2019-07-06,27,15.8,35.2,.9
545,안산,2019-07-07,26.1,18.3,32.5,1.6
545,안산,2019-07-08,24.3,19.2,30.5,1.6
545,안산,2019-07-09,23.9,15.3,31.1,1.3
545,안산,2019-07-10,22,18.8,27.1,1.7
545,안산,2019-07-11,21.2,18,24.6,1.3
545,안산,2019-07-12,22.3,17.8,28,.9
545,안산,2019-07-13,22.4,18.4,28.1,.8
545,안산,2019-07-14,23.5,19.1,30.3,.8
545,안산,2019-07-15,23.3,19.6,26.8,.7
545,안산,2019-07-16,23.3,19.3,28.8,.7
545,안산,2019-07-17,24.2,18.7,29.5,.6
545,안산,2019-07-18,25.5,19.9,32.8,.8
545,안산,2019-07-19,26.9,18.6,34.1,1.1
545,안산,2019-07-20,27.7,24.6,30.9,2.5
545,안산,2019-07-21,24.4,23.6,27.2,1
545,안산,2019-07-22,25.5,21.3,31.4,1
545,안산,2019-07-23,27.1,21.4,33.4,.9
545,안산,2019-07-24,25.3,24,27.1,.5
545,안산,2019-07-25,25.5,24.6,27,.6
545,안산,2019-07-26,25.2,24.2,28.3,1.1
545,안산,2019-07-27,27.2,24.1,32.8,.7
545,안산,2019-07-28,25.2,24.4,27,.9
545,안산,2019-07-29,26.9,23.3,31.3,1.2
545,안산,2019-07-30,27.8,25.3,31.6,1.6
545,안산,2019-07-31,26,23.6,28.6,1.3
545,안산,2019-08-01,26.5,24,31.4,.8
545,안산,2019-08-02,27.6,23,33.7,.8
545,안산,2019-08-03,28.2,22.3,35,.7
545,안산,2019-08-04,27.6,22.7,33.4,.7
545,안산,2019-08-05,28.2,22.4,35.7,.7
545,안산,2019-08-06,29.8,23.9,35.8,.9
545,안산,2019-08-07,26.6,23.3,32.7,.6
545,안산,2019-08-08,27.8,22.8,33.1,.7
545,안산,2019-08-09,27.6,22.3,33.5,.7
545,안산,2019-08-10,29.1,22.4,35.9,.9
545,안산,2019-08-11,29.5,24.5,35.2,2.2
545,안산,2019-08-12,26.3,24.2,30.3,1
545,안산,2019-08-13,27.8,23.9,34.7,.7
545,안산,2019-08-14,27.8,23.3,34.8,.7
545,안산,2019-08-15,24.8,22.8,26.9,.9
545,안산,2019-08-16,25.3,21.6,29.7,.9
545,안산,2019-08-17,24,18.5,28,.8
545,안산,2019-08-18,23.4,18.1,29.8,.6
545,안산,2019-08-19,23.7,17.5,31.1,.6
545,안산,2019-08-20,25.1,18.8,31.9,.6
545,안산,2019-08-21,25.4,20.5,31.5,.6
545,안산,2019-08-22,25.3,22.1,29.9,.7
545,안산,2019-08-23,24.5,20.2,29.5,.8
545,안산,2019-08-24,21.4,17.4,27.3,.5
545,안산,2019-08-25,22.6,16.4,29,.6
545,안산,2019-08-26,23.9,17.5,30.9,.6
545,안산,2019-08-27,24.1,20.7,28.8,.6
545,안산,2019-08-28,24.3,19.9,29.4,.7
545,안산,2019-08-29,21.8,18.4,27.3,.8
545,안산,2019-08-30,21.6,16.3,27.2,1
545,안산,2019-08-31,21.4,15,28,.7
545,안산,2019-09-01,21.3,15,27.8,.4
545,안산,2019-09-02,22.6,16.9,28.8,.5
545,안산,2019-09-03,22.9,19.4,26.7,.8
545,안산,2019-09-04,22.6,21.3,26.5,1
545,안산,2019-09-05,23,21.1,27.4,.7
545,안산,2019-09-06,24.7,20.9,28.8,.7
545,안산,2019-09-07,25.4,22.8,30.4,3.3
545,안산,2019-09-08,23.7,21.4,27.6,.7
545,안산,2019-09-09,23.4,21.2,26.6,.5
545,안산,2019-09-10,23.9,22.2,28.6,.7
545,안산,2019-09-11,23.9,21.1,27.8,1.3
545,안산,2019-09-12,,17.5,22.6,1.3
545,안산,2019-09-13,20.6,,,
545,안산,2019-09-14,21.2,17.8,24.6,.5
545,안산,2019-09-15,22.8,18,28.9,.5
545,안산,2019-09-16,21.5,15,29.5,.7
545,안산,2019-09-17,20.4,11.4,29.1,.7
545,안산,2019-09-18,20.1,12.1,26.5,1.3
545,안산,2019-09-19,17.8,8.3,26.2,.9
545,안산,2019-09-20,18.4,12.7,23.9,.7
545,안산,2019-09-21,17.8,15.1,21.9,.7
545,안산,2019-09-22,17.2,15,19.2,1.5
545,안산,2019-09-23,18,11.6,24.9,.9
545,안산,2019-09-24,15.9,9.8,25.2,.4
545,안산,2019-09-25,17.7,10.4,25.8,.4
545,안산,2019-09-26,20,14.4,26.9,.5
545,안산,2019-09-27,20.3,14.8,27.3,.4
545,안산,2019-09-28,21,15.5,28.3,.5
545,안산,2019-09-29,19,12.7,27.6,.6
545,안산,2019-09-30,19,12.5,28.2,.5
545,안산,2019-10-01,20.5,13.3,27.2,.5
545,안산,2019-10-03,21.8,16.7,28.6,1.1
545,안산,2019-10-04,20.4,15,27.2,.7
545,안산,2019-10-05,18.2,12.3,22.5,.8
545,안산,2019-10-06,16.9,11,22.7,1.2
545,안산,2019-10-07,14.9,,,
545,안산,2019-10-08,13.9,7.4,20.9,1.2
545,안산,2019-10-09,11,3.9,20.3,.6
545,안산,2019-10-10,13.6,6.7,21,.4
545,안산,2019-10-11,17.3,9.6,25,.7
545,안산,2019-10-12,17.7,10.6,24,2.1
545,안산,2019-10-13,14,7.1,23.2,.6
545,안산,2019-10-14,13.1,7.2,20,.9
545,안산,2019-10-15,11.5,3.9,21.4,.6
545,안산,2019-10-16,12.6,5.2,20.5,.4
545,안산,2019-10-17,12.4,7.2,21.3,.5
545,안산,2019-10-18,14.7,7.7,23.4,.7
545,안산,2019-10-19,14.3,7.3,23.1,.5
545,안산,2019-10-20,13.1,7.6,22.4,.4
545,안산,2019-10-21,13.8,6.3,23.4,.5
545,안산,2019-10-22,14.3,8.1,23.7,.5
545,안산,2019-10-23,14.5,9.4,20.3,.6
545,안산,2019-10-24,16.6,9.3,24.1,.8
545,안산,2019-10-25,15.4,8.2,22.3,.8
545,안산,2019-10-26,9.3,3.4,14.7,1.2
545,안산,2019-10-27,8,.2,17.6,.4
545,안산,2019-10-28,11.5,2.4,18,.9
545,안산,2019-10-29,12.1,6.3,19.1,.7
545,안산,2019-10-30,8.5,1.1,18.1,.5
545,안산,2019-10-31,12.9,4.2,20.7,.7
545,안산,2019-11-01,12.3,4.9,20.5,.6
545,안산,2019-11-02,10.8,3.3,18.9,.3
545,안산,2019-11-03,11.8,4.7,20.6,.4
545,안산,2019-11-04,10.9,4.8,20.1,.5
545,안산,2019-11-05,8.9,3.3,18,.4
545,안산,2019-11-06,8.5,1.2,17.4,.5
545,안산,2019-11-07,7.1,.2,14.9,.8
545,안산,2019-11-08,3.9,-4,13.1,.5
545,안산,2019-11-09,5.7,-2.5,17.1,.5
545,안산,2019-11-10,8.9,1,16.5,.8
545,안산,2019-11-11,11.5,4.6,17.2,1.1
545,안산,2019-11-12,7,.8,16.1,.3
545,안산,2019-11-13,6.7,2.5,12.1,.9
545,안산,2019-11-14,1,-3.5,6.6,1.3
545,안산,2019-11-15,6.9,-3.3,11.1,.9
545,안산,2019-11-16,6.3,1.2,14.3,.4
545,안산,2019-11-17,8.9,1.8,13.4,.9
545,안산,2019-11-18,5.7,1,13.7,2.1
545,안산,2019-11-19,1.6,-4.1,7.1,1.2
545,안산,2019-11-20,-.1,-6,7.1,.8
545,안산,2019-11-21,3.1,-5.7,10.7,.4
545,안산,2019-11-22,7,-1.3,18,.5
545,안산,2019-11-23,10.2,2.4,17.7,.5
545,안산,2019-11-24,9.2,3.8,18.3,1.1
545,안산,2019-11-25,1.3,-2.4,5.6,1.1
545,안산,2019-11-26,4.9,-2.8,14,.6
545,안산,2019-11-27,3.8,-.9,8,1.4
545,안산,2019-11-28,2.9,-2.5,10.8,.8
545,안산,2019-11-29,.7,-6.3,9.1,.8
545,안산,2019-11-30,2.6,-5.6,10.8,.3
545,안산,2019-12-01,4.9,3,7,.5
545,안산,2019-12-02,1.1,-3.2,5.4,1.7
545,안산,2019-12-03,-.5,-7.3,2.9,.4
545,안산,2019-12-04,1.7,-4.1,8.8,.5
545,안산,2019-12-05,-2.9,-8.4,1.9,1.6
545,안산,2019-12-06,-6.2,-12.5,.1,.7
545,안산,2019-12-07,-2.3,-9.8,4.2,.6
545,안산,2019-12-08,-2.9,-9,6.5,.3
545,안산,2019-12-09,3,-5.6,8.8,.8
545,안산,2019-12-10,5.6,.7,12.4,.3
545,안산,2019-12-11,5.4,.5,10.6,1.3
545,안산,2019-12-12,-.9,-6.6,5,.9
545,안산,2019-12-13,.6,-7.7,6.6,.6
545,안산,2019-12-14,2.1,-3.1,7,1.2
545,안산,2019-12-15,2.3,-5.3,12.5,.4
545,안산,2019-12-16,6.3,-2.6,15,.4
545,안산,2019-12-17,7.3,3,10.2,.8
545,안산,2019-12-18,1.2,-1.7,5,.9
545,안산,2019-12-19,-.6,-5.4,5,.9
545,안산,2019-12-20,-1.4,-7.5,4.3,.7
545,안산,2019-12-21,-2,-8.7,3.7,.3
545,안산,2019-12-22,2.5,-2.5,9.2,.3
545,안산,2019-12-23,2.1,-3.7,5.6,.7
545,안산,2019-12-24,-1.1,-6.2,7.5,.4
545,안산,2019-12-25,-.2,-6.5,7.5,.3
545,안산,2019-12-26,1.9,-1.3,4.9,1.2
545,안산,2019-12-27,-2.1,-7.4,4.3,.8
545,안산,2019-12-28,-1.5,-7.6,7.4,.4
545,안산,2019-12-29,2.3,-4.4,6.5,.6
545,안산,2019-12-30,2.6,-4.2,7.1,1.3
545,안산,2019-12-31,-6.7,-9.8,-3.1,1.8
545,안산,2020-01-01,-2,-7.1,1.1,.6
545,안산,2020-01-02,.4,-2.9,3.4,.2
545,안산,2020-01-03,-1.5,-6.5,5.6,.5
545,안산,2020-01-04,-1.2,-7.4,8.2,.4
545,안산,2020-01-05,-1.5,-8.7,7.8,.4
545,안산,2020-01-06,3.1,-3.5,5.8,1.2
545,안산,2020-01-07,7.7,4.9,11.7,1.2
545,안산,2020-01-08,3,-.1,10.9,1.7
545,안산,2020-01-09,-.6,-5.3,3.8,1
545,안산,2020-01-10,-2,-6.5,5,.4
545,안산,2020-01-11,-.6,-6.3,5.9,.5
545,안산,2020-01-12,-.2,-5.9,3.6,.9
545,안산,2020-01-13,-2.2,-6.8,2.1,.9
545,안산,2020-01-14,-2.6,-8.5,4,.4
545,안산,2020-01-15,-3.8,-10,3.7,.7
545,안산,2020-01-16,-3.3,-9,4.5,.5
545,안산,2020-01-17,-2.9,-8.4,5.1,.4
545,안산,2020-01-18,-2.3,-8.6,6.1,.4
545,안산,2020-01-19,1.2,-5.2,6.7,.6
545,안산,2020-01-20,.9,-3.9,6.8,1.1
545,안산,2020-01-21,-2.4,-9.1,5.7,.5
545,안산,2020-01-22,.9,-3,6.3,.4
545,안산,2020-01-23,2.2,-5,11.7,.7
545,안산,2020-01-24,1,-5.2,8,.8
545,안산,2020-01-25,.8,-4.5,8.9,.4
545,안산,2020-01-26,4.5,-5.1,12.8,.9
545,안산,2020-01-27,6,3.6,8.1,2
545,안산,2020-01-28,7.4,3.7,12,1.3
545,안산,2020-01-29,4.6,-1.8,12.6,.6
545,안산,2020-01-30,3.1,-2.7,11.3,.5
545,안산,2020-01-31,1.5,-4.1,9,.5
545,안산,2020-02-01,.3,-5.9,8.6,.4
545,안산,2020-02-02,0,-6.5,6.4,.4
545,안산,2020-02-03,-.2,-4.8,4.5,1.1
545,안산,2020-02-04,-1.7,-9.5,5.5,1.3
545,안산,2020-02-05,-6.7,-9.7,-2.2,1.7
545,안산,2020-02-06,-6.7,-12.5,1,.7
545,안산,2020-02-07,-1.9,-10.1,3.3,.6
545,안산,2020-02-08,.8,-3.1,5.2,1.5
545,안산,2020-02-09,-1.9,-9.8,5.1,.6
545,안산,2020-02-10,1.9,-4.6,10.9,.6
545,안산,2020-02-11,4.2,-5.7,15.4,.5
545,안산,2020-02-12,6.4,3.2,8.4,.5
545,안산,2020-02-13,5.6,2.2,8.7,.6
545,안산,2020-02-14,5,-.8,14.4,.6
545,안산,2020-02-15,7.3,-.4,16.8,1
545,안산,2020-02-16,-.6,-3,4.5,1.8
545,안산,2020-02-17,-4.5,-5.7,-2.2,2.8
545,안산,2020-02-18,-3.4,-7.9,1.8,1
545,안산,2020-02-19,.2,-7.2,6.4,.4
545,안산,2020-02-20,2.8,-3.4,11.8,.5
545,안산,2020-02-21,5.9,-1.8,13.8,.7
545,안산,2020-02-22,4.6,1,9.3,1.6
545,안산,2020-02-23,1.4,-5.4,8.7,.7
545,안산,2020-02-24,5.6,-3.5,14.5,.6
545,안산,2020-02-25,6.8,4.4,9.1,1.2
545,안산,2020-02-26,4.3,-1.4,12.5,.7
545,안산,2020-02-27,4.1,-2.2,12.6,.6
545,안산,2020-02-28,3.9,-.8,5.5,.4
545,안산,2020-02-29,6.5,.9,13,.8
545,안산,2020-03-01,4.7,-.8,10.1,.7
545,안산,2020-03-02,2.9,-2.2,7.3,1.5
545,안산,2020-03-03,3.7,-2.9,11.8,.8
545,안산,2020-03-04,3.1,-.2,7.2,1.8
545,안산,2020-03-05,1.1,-4,6.3,1.3
545,안산,2020-03-06,1.6,-6.9,10.4,.6
545,안산,2020-03-07,3.7,-3.8,13.8,.6
545,안산,2020-03-08,5.4,-3.2,17,.6
545,안산,2020-03-09,7.6,-1.9,16.5,.7
545,안산,2020-03-10,6.6,4.3,8,1.5
545,안산,2020-03-11,3.4,-2.5,8.8,1.6
545,안산,2020-03-12,5.1,-4.1,14.5,1.1
545,안산,2020-03-13,5.6,.4,10,1.4
545,안산,2020-03-14,3.6,-5.5,10.5,1.1
545,안산,2020-03-15,4.1,-1.4,10.6,2.3
545,안산,2020-03-16,3,-4.5,10.2,1.1
545,안산,2020-03-17,5.5,-.2,13.8,1.1
545,안산,2020-03-18,7.3,-3,18,.8
545,안산,2020-03-19,8.9,3.9,12.4,1.9
545,안산,2020-03-20,8,-1,15.4,1.3
545,안산,2020-03-21,10.8,1.3,19.6,1
545,안산,2020-03-22,9.7,4.5,17.8,1.3
545,안산,2020-03-23,7.3,-1,16.7,.9
545,안산,2020-03-24,8.1,-.6,18.2,.8
545,안산,2020-03-25,9.7,-.5,19.7,.8
545,안산,2020-03-26,13.1,3.2,21.5,.8
545,안산,2020-03-27,11.2,7.3,14.3,1.3
545,안산,2020-03-28,7.4,3.3,13.3,1.6
545,안산,2020-03-29,6.2,-3.3,15.6,.9
545,안산,2020-03-30,6.6,-1.7,15.3,.8
545,안산,2020-03-31,8.5,-1.3,17.7,.8
545,안산,2020-04-01,10.4,5,16.8,1.3
545,안산,2020-04-02,7.4,-.3,15.2,.9
545,안산,2020-04-03,8.3,.4,16,1.1
545,안산,2020-04-04,8.1,1.5,14.2,1.9
545,안산,2020-04-05,5.7,-2,12.3,1.2
545,안산,2020-04-06,7,-2.9,15.9,.9
545,안산,2020-04-07,8.3,.9,17.3,.9
545,안산,2020-04-08,7.6,-1,14.7,1.3
545,안산,2020-04-09,7.5,-1,14,1.2
545,안산,2020-04-10,8,.3,16,1
545,안산,2020-04-11,7,.6,14.6,.8
545,안산,2020-04-12,9.3,-.1,16.8,1.7
545,안산,2020-04-13,9.4,1.6,18.1,1.4
545,안산,2020-04-14,9.4,.7,18.9,.9
545,안산,2020-04-15,9.9,.5,19.5,.6
545,안산,2020-04-16,13.1,2.2,23.7,1.1
545,안산,2020-04-17,12.4,9.5,17.8,1.3
545,안산,2020-04-18,12.3,7.5,18.2,1.2
545,안산,2020-04-19,11.1,6.9,15.6,.9
545,안산,2020-04-20,10.3,6.3,14.9,1.4
545,안산,2020-04-21,7.7,2.8,11.9,1.7
545,안산,2020-04-22,7.8,4.8,11,2.5
545,안산,2020-04-23,9.1,4.9,13.7,2
545,안산,2020-04-24,8.9,-.6,15.3,1.9
545,안산,2020-04-25,13.1,5.3,18.7,2
545,안산,2020-04-26,11,2.7,18.4,1.3
545,안산,2020-04-27,10.9,4,18.6,1.1
545,안산,2020-04-28,12,2.5,20.4,1.1
545,안산,2020-04-29,12.7,5.7,21.3,1
545,안산,2020-04-30,15.5,3.2,23.3,1.3
545,안산,2020-05-01,19.3,13.4,26,1.2
545,안산,2020-05-02,20,17.3,25.2,1
545,안산,2020-05-03,20.1,14.1,26.4,.9
545,안산,2020-05-04,16.6,9.8,23,1.2
545,안산,2020-05-05,12,8.7,19.7,.6
545,안산,2020-05-06,15.4,6.2,25,.8
545,안산,2020-05-07,17.7,9.2,26.1,1
545,안산,2020-05-08,17.8,13.2,24.1,1
545,안산,2020-05-09,14.4,12.7,16.9,1.7
545,안산,2020-05-10,13.3,10.8,16.4,1
545,안산,2020-05-11,15.3,8.9,22.3,1.1
545,안산,2020-05-12,13.2,7.5,19.7,1.1
545,안산,2020-05-13,13.9,5.4,22.2,1
545,안산,2020-05-14,18.1,7.8,25.5,.8
545,안산,2020-05-15,15.8,14,19.7,1.3
545,안산,2020-05-16,15.8,13,18.4,.7
545,안산,2020-05-17,17.8,13.8,24.8,.9
545,안산,2020-05-18,18,12.5,26.9,1.2
545,안산,2020-05-19,13.4,8.4,19.7,1.5
545,안산,2020-05-20,13.4,7.4,20.6,.9
545,안산,2020-05-21,15.4,7.1,21.8,.7
545,안산,2020-05-22,16.9,10.7,23.3,.8
545,안산,2020-05-23,18.8,13.2,24.7,.8
545,안산,2020-05-24,16,13.2,18.8,1.2
545,안산,2020-05-25,14.7,12.3,19.1,.9
545,안산,2020-05-26,15.7,10.6,23.6,.9
545,안산,2020-05-27,15.4,8.8,22.8,1
545,안산,2020-05-28,16.8,9.6,23.4,1
545,안산,2020-05-29,17.9,10,26.8,.9
545,안산,2020-05-30,19.6,11.6,29,.8
545,안산,2020-05-31,19,12,26.2,.9
545,안산,2020-06-01,18.2,11.4,24.6,1.2
545,안산,2020-06-02,16.8,9.9,22.8,.9
545,안산,2020-06-03,21.3,17.6,27.7,.9
545,안산,2020-06-04,21.1,18.1,26.1,1.2
545,안산,2020-06-05,20.1,15,26.9,1
545,안산,2020-06-06,21.5,13.8,29.4,.8
545,안산,2020-06-07,20.7,14.5,27.9,.9
545,안산,2020-06-08,23,16.8,31.1,.9
545,안산,2020-06-09,23.1,14.6,32.5,.8
545,안산,2020-06-10,23.7,15.9,32.4,.8
545,안산,2020-06-11,24.1,18.4,30.2,1.2
545,안산,2020-06-12,21.3,16.2,26.4,.6
545,안산,2020-06-13,24.1,17.3,32,.8
545,안산,2020-06-14,22,17.1,28,1.1
545,안산,2020-06-15,20.8,13.7,28,1.1
545,안산,2020-06-16,22.3,16.7,28.6,1.1
545,안산,2020-06-17,21.5,15,29,.7
545,안산,2020-06-18,21.2,17.1,27.3,.5
545,안산,2020-06-19,22.5,17.4,29.8,1
545,안산,2020-06-20,22.1,15.6,28.9,1
545,안산,2020-06-21,22.5,16.4,31.3,1
545,안산,2020-06-22,23.9,15.8,33.6,.9
545,안산,2020-06-23,22.9,17.2,29.5,.7
545,안산,2020-06-24,21.4,20,24.8,1.2
545,안산,2020-06-25,20.9,19.4,22.3,.9
545,안산,2020-06-26,21.1,18.4,25.9,1.2
545,안산,2020-06-27,22.6,18,29.3,.7
545,안산,2020-06-28,22.8,17.2,27.9,1.1
545,안산,2020-06-29,21.9,17.4,26.4,1.2
545,안산,2020-06-30,19.7,17.2,22.6,1.8
545,안산,2020-07-01,20.1,16.6,24.1,.7
545,안산,2020-07-02,22.4,16.3,29,.8
545,안산,2020-07-03,22.7,17.3,30,1
545,안산,2020-07-04,21.4,16.9,27.9,.8
545,안산,2020-07-05,21.3,15.7,28.3,.7
545,안산,2020-07-06,23.6,17.4,30.3,.7
545,안산,2020-07-07,22.7,18.9,27.8,.9
545,안산,2020-07-08,23,17.7,29.2,1
545,안산,2020-07-09,25,19.5,31.8,.9
545,안산,2020-07-10,24.4,21,28.8,1.3
545,안산,2020-07-11,24.5,18.6,30.1,1.1
545,안산,2020-07-12,22.3,20,25.1,1
545,안산,2020-07-13,18.5,17.8,20.3,1.8
545,안산,2020-07-14,19.7,17.1,23.1,1.4
545,안산,2020-07-15,21.5,16.9,27.4,.7
545,안산,2020-07-16,21.8,15.5,28.5,.8
545,안산,2020-07-17,23.2,18,29.5,.8
545,안산,2020-07-18,23.3,17.9,29.4,.8
545,안산,2020-07-19,23.9,20.1,27.5,1.2
545,안산,2020-07-20,23.3,20.5,26.5,1.7
545,안산,2020-07-21,23.7,20,28.9,.7
545,안산,2020-07-22,21.6,19.8,24,.5
545,안산,2020-07-23,20.7,19.1,22.5,1.6
545,안산,2020-07-24,22.4,19.2,26.1,1.9
545,안산,2020-07-25,23.8,20.2,29.8,1.5
545,안산,2020-07-26,23.5,19.6,29.2,.8
545,안산,2020-07-27,23.2,21.3,25.8,.4
545,안산,2020-07-28,23.1,20.8,25,.4
545,안산,2020-07-29,24,22.7,26.3,.6
545,안산,2020-07-30,23.5,20,28,.6
545,안산,2020-07-31,25,20.8,28.6,.6
545,안산,2020-08-01,25.2,23.2,28,.9
545,안산,2020-08-02,24.8,22.8,27.2,1.1
545,안산,2020-08-03,24.6,22.3,26.1,1.3
545,안산,2020-08-04,26.9,23.6,30,1.6
545,안산,2020-08-05,26.5,24.2,30.3,.8
545,안산,2020-08-06,23.5,21.5,25.9,1.9
545,안산,2020-08-07,23.4,21.6,25.3,.6
545,안산,2020-08-08,23.4,21.5,25.2,.8
545,안산,2020-08-09,24.6,23.7,26.1,1.3
545,안산,2020-08-10,26.1,24.1,31.3,.7
545,안산,2020-08-11,24.2,21.2,28,.7
545,안산,2020-08-12,25.9,22.2,31.3,.4
545,안산,2020-08-13,27.2,24.2,31.5,1
545,안산,2020-08-14,26.8,25.3,29.2,1.3
545,안산,2020-08-15,25.7,23.7,28.5,.9
545,안산,2020-08-16,26.6,23,31.8,1
545,안산,2020-08-17,26.7,22.6,32.5,.8
545,안산,2020-08-18,25.6,21.4,31.4,.6
545,안산,2020-08-19,25.6,20.5,31.6,.7
545,안산,2020-08-20,26.4,22,32.4,.7
545,안산,2020-08-21,25.9,21.7,31.2,.6
545,안산,2020-08-22,24,20.5,30.3,.7
545,안산,2020-08-23,24.6,20.2,30.2,.6
545,안산,2020-08-24,25.9,20.5,31.6,.7
545,안산,2020-08-25,27.9,21.9,34.2,.9
545,안산,2020-08-26,28.5,23.1,33.8,1.6
545,안산,2020-08-27,26.5,24.7,29.9,2
545,안산,2020-08-28,26.3,24.4,31,.6
545,안산,2020-08-29,25.5,23.7,28.8,.6
545,안산,2020-08-30,26,24.1,30.7,.5
545,안산,2020-08-31,26.5,22.7,31.6,1
545,안산,2020-09-01,24.9,21.6,29,.7
545,안산,2020-09-02,23.6,21.8,25.4,1.1
545,안산,2020-09-03,22,17.9,26.3,2.5
545,안산,2020-09-04,21.3,16.6,28.1,.9
545,안산,2020-09-05,21.2,16.4,27.4,.5
545,안산,2020-09-06,20.2,16.6,24.6,.8
545,안산,2020-09-07,19.1,16.4,22.3,2.2
545,안산,2020-09-08,22.7,18.6,28,1.4
545,안산,2020-09-09,19.6,16.4,26.4,.8
545,안산,2020-09-10,21.2,16.1,27.2,.6
545,안산,2020-09-11,21,17.2,26.8,.8
545,안산,2020-09-12,19.5,17.3,23.1,.8
545,안산,2020-09-13,20,14.5,26.6,.9
545,안산,2020-09-14,20.1,14.1,26.3,.6
545,안산,2020-09-15,21.2,16.1,27.6,.6
545,안산,2020-09-16,21.1,17.3,25.1,.6
545,안산,2020-09-17,19.5,16.1,24.3,.4
545,안산,2020-09-18,19.9,14.4,26,.9
545,안산,2020-09-19,19,12.5,26.7,.7
545,안산,2020-09-20,16.7,10.6,24.8,.6
545,안산,2020-09-21,16.1,9.6,24.6,.4
545,안산,2020-09-22,17.5,11,25.6,.7
545,안산,2020-09-23,18.2,11.7,24.5,1.1
545,안산,2020-09-24,20.1,14.4,26.6,1.4
545,안산,2020-09-25,20,13.4,27.2,1.3
545,안산,2020-09-26,18.9,13.2,25.6,1.5
545,안산,2020-09-27,17.4,11.1,25.8,.6
545,안산,2020-09-28,17.4,10.9,25.9,.5
545,안산,2020-09-29,17.3,10.5,24.8,.4
545,안산,2020-09-30,17.8,12.1,25.1,.6
545,안산,2020-10-01,16.9,12.6,23.9,.5
545,안산,2020-10-02,17.8,11,24.2,.8
545,안산,2020-10-03,18.3,14.9,24.4,.4
545,안산,2020-10-04,16.2,10.6,22.6,1.1
545,안산,2020-10-05,12.2,3.9,19.1,1.1
545,안산,2020-10-06,12.1,4.4,20.3,.7
545,안산,2020-10-07,13,5.6,22.6,.6
545,안산,2020-10-08,14.9,6.4,23.6,1
545,안산,2020-10-09,15.2,6.1,23.6,1
545,안산,2020-10-10,14.4,6.8,21.9,.6
545,안산,2020-10-11,14.2,8.2,21.1,.5
545,안산,2020-10-12,13.6,7,21.8,.6
545,안산,2020-10-13,9.8,2.4,19.3,.6
545,안산,2020-10-14,11.6,5.1,20,.8
545,안산,2020-10-15,9.4,3.6,18.5,.7
545,안산,2020-10-16,9.4,3.5,15.8,.2
545,안산,2020-10-17,10.5,4,19.4,.5
545,안산,2020-10-18,10.6,2.1,20.6,.4
545,안산,2020-10-19,11.6,4.4,21.8,.4
545,안산,2020-10-20,11.5,5.1,21.9,.4
545,안산,2020-10-21,11.7,6.5,17.2,.4
545,안산,2020-10-22,12.9,7.4,20.3,1.3
545,안산,2020-10-23,9,4.3,13.9,1.5
545,안산,2020-10-24,6.8,-.4,14.8,1.2
545,안산,2020-10-25,8.6,.4,19.1,.4
545,안산,2020-10-26,9.2,2.3,19.6,.4
545,안산,2020-10-27,10.7,3.7,19.7,.4
545,안산,2020-10-28,12,5.6,19.8,1
545,안산,2020-10-29,7,-1.3,17.1,.5
545,안산,2020-10-30,8,-.6,19.6,.4
545,안산,2020-10-31,10.6,1.1,19.6,.7
545,안산,2020-11-01,11.7,8.1,14.3,.5
545,안산,2020-11-02,9.8,3.6,17.3,.5
545,안산,2020-11-03,5.2,-.3,9.9,1.7
545,안산,2020-11-04,4,-2.9,11.8,.8
545,안산,2020-11-05,7.3,-2,15.8,.5
545,안산,2020-11-06,11.5,7.1,17.3,.4
545,안산,2020-11-07,12,0,18.5,.7
545,안산,2020-11-08,7.7,1.6,13.5,1.8
545,안산,2020-11-09,5,-3.9,10.7,.6
545,안산,2020-11-10,4.6,-3.2,14.2,.7
545,안산,2020-11-11,5.7,-2.1,17.1,.5
545,안산,2020-11-12,6.9,-1.8,18,.4
545,안산,2020-11-13,8.4,1.5,18,.3
545,안산,2020-11-14,9.4,2.8,19.5,.5
545,안산,2020-11-15,7.6,1.6,16.9,.5
545,안산,2020-11-16,8.2,2.2,18.4,.3
545,안산,2020-11-17,13.8,4.2,21.2,.5
545,안산,2020-11-18,16.6,13.6,19.5,1
545,안산,2020-11-19,14,8.1,19.6,2
545,안산,2020-11-20,3.8,-1.9,8.1,1.8
545,안산,2020-11-21,6,-3.3,13.6,.7
545,안산,2020-11-22,5.9,1.3,9.4,1.2
545,안산,2020-11-23,1.2,-3.9,6.9,.9
545,안산,2020-11-24,1.9,-4.2,8.8,.5
545,안산,2020-11-25,2.3,-3.9,11.1,.4
545,안산,2020-11-26,3.8,-1.6,11.2,.5
545,안산,2020-11-27,4.3,1.4,8.3,1.7
545,안산,2020-11-28,.9,-2,4.9,1.6
545,안산,2020-11-29,-.9,-5.9,3.7,.5
545,안산,2020-11-30,-2.2,-7.3,5.6,.5
545,안산,2020-12-01,1.3,-7.6,7.7,.9
545,안산,2020-12-02,2.3,-4,8.5,.8
545,안산,2020-12-03,1.4,-4.4,5.9,1.1
545,안산,2020-12-04,-1.5,-8.5,6.1,.8
545,안산,2020-12-05,.5,-6.1,7.6,.3
545,안산,2020-12-06,1.9,-3,10,.3
545,안산,2020-12-07,3.2,-1.2,8.5,1.3
545,안산,2020-12-08,-1.7,-7.3,5,.6
545,안산,2020-12-09,-.9,-9.1,6.9,.3
545,안산,2020-12-10,4.3,-.3,10.8,.3
545,안산,2020-12-11,2.7,-2.3,10.8,.3
545,안산,2020-12-12,1,-5.1,7.8,.6
545,안산,2020-12-13,-.9,-5.6,2.7,1.2
545,안산,2020-12-14,-6.1,-8.3,-2.9,1.5
545,안산,2020-12-15,-6.3,-10,-2,1.5
545,안산,2020-12-16,-6.3,-11.2,-1.9,1.3
545,안산,2020-12-17,-6.7,-14,1.6,.3
545,안산,2020-12-18,-1,-5.9,3.7,1.4
545,안산,2020-12-19,-4.2,-11.1,.2,.9
545,안산,2020-12-20,-5.2,-12.1,2.8,.5
545,안산,2020-12-21,-3.5,-9.5,4.9,.2
545,안산,2020-12-22,0,-5,7.8,.3
545,안산,2020-12-23,2.3,-5.4,9.8,.6
545,안산,2020-12-24,1.8,-4,7.4,1.2
545,안산,2020-12-25,-3.1,-8.7,5.1,.5
545,안산,2020-12-26,-.5,-7.2,9.1,.3
545,안산,2020-12-27,3.3,-3.4,10,.4
545,안산,2020-12-28,4.1,-2.4,11.4,.4
545,안산,2020-12-29,-.3,-5.3,3.6,1.4
545,안산,2020-12-30,-9.4,-11.9,-5.4,2.6
545,안산,2020-12-31,-8.8,-13.4,-3.9,.6
545,안산,2021-01-01,-5.3,-13.2,1.5,.4
545,안산,2021-01-02,-4.4,-12,.5,1
545,안산,2021-01-03,-6.6,-13.5,.8,.5
545,안산,2021-01-04,-4.5,-12.7,1.9,.5
545,안산,2021-01-05,-4.4,-9.3,-.4,1.5
545,안산,2021-01-06,-7.7,-15.7,-1.3,1.1
545,안산,2021-01-07,-12.7,-15.7,-8.3,2.3
545,안산,2021-01-08,-13.6,-17.9,-9,1.3
545,안산,2021-01-09,-13.6,-21.5,-6.1,.7
545,안산,2021-01-10,-10,-19.3,-1.7,.4
545,안산,2021-01-11,-8.8,-14.9,-2.8,.3
545,안산,2021-01-12,-4.9,-13.9,1.6,.5
545,안산,2021-01-13,.5,-8.6,9.2,.7
545,안산,2021-01-14,-.6,-8.7,8.6,.6
545,안산,2021-01-15,3.9,-3.6,11.5,1
545,안산,2021-01-16,-3.9,-7.5,-.5,1.7
545,안산,2021-01-17,-5.4,-14.7,.1,.7
545,안산,2021-01-18,-3.3,-8.4,3,1.6
545,안산,2021-01-19,-7.5,-14,-.3,.6
545,안산,2021-01-20,-2.3,-11.9,8.3,.5
545,안산,2021-01-21,4.4,-.7,9.1,.4
545,안산,2021-01-22,5.2,3.4,7,.5
545,안산,2021-01-23,6.8,0,13.1,1.1
545,안산,2021-01-24,4.1,-2.5,13.8,.6
545,안산,2021-01-25,4.8,-2.8,14.8,.5
545,안산,2021-01-26,3.2,-1.7,6.6,.4
545,안산,2021-01-27,-.1,-6.7,7.5,.7
545,안산,2021-01-28,-2.8,-8.3,3.6,2.7
545,안산,2021-01-29,-8,-11.6,-2.9,1.8
545,안산,2021-01-30,-1.4,-10.9,7.6,.9
545,안산,2021-01-31,2.4,-8,11.3,.6
545,안산,2021-02-01,4.6,-1.6,9.7,1
545,안산,2021-02-02,-4.2,-6.7,-1.3,2
545,안산,2021-02-03,-3.8,-13.6,2.8,.8
545,안산,2021-02-04,-4.3,-9.9,1.2,1
545,안산,2021-02-05,-.7,-10.5,7.3,.6
545,안산,2021-02-06,5.7,-1.4,9.9,.8
545,안산,2021-02-07,2.4,-2.9,7.1,1
545,안산,2021-02-08,-2,-4.4,1.9,2.4
545,안산,2021-02-09,-2.8,-10.3,4.8,.6
545,안산,2021-02-10,.7,-7,8,.5
545,안산,2021-02-11,2.3,-3.9,12,.5
545,안산,2021-02-12,2.6,-4.5,14.3,.4
545,안산,2021-02-13,2.6,-3.9,14.7,.5
545,안산,2021-02-14,6.5,-.5,13.8,.5
545,안산,2021-02-15,1.5,-3.5,5.6,2
545,안산,2021-02-16,-4.5,-8.9,-1.4,1.5
545,안산,2021-02-17,-7,-9.2,-3.5,3.3
545,안산,2021-02-18,-4.5,-9.4,.6,1.7
545,안산,2021-02-19,1.1,-10.6,10,1.2
545,안산,2021-02-20,4.6,-2.1,14.4,.6
545,안산,2021-02-21,8.3,-2.4,18.8,1.2
545,안산,2021-02-22,5.3,-.1,12.1,1.1
545,안산,2021-02-23,.5,-3.1,4.8,1.3
545,안산,2021-02-24,.7,-4.6,9.6,.8
545,안산,2021-02-25,1.3,-5,8.7,.2
545,안산,2021-02-26,5.6,-5.5,16.7,.8
545,안산,2021-02-27,8.1,-2,16.1,1.6
545,안산,2021-02-28,6.1,-2.6,11.1,.6
545,안산,2021-03-01,4.9,.6,8.2,1.3
545,안산,2021-03-02,1.6,-3.2,8.5,1
545,안산,2021-03-03,1.9,-5.1,10,.6
545,안산,2021-03-04,5.5,-2.2,13.4,.5
545,안산,2021-03-05,6.4,-2.6,16.1,.9
545,안산,2021-03-06,7.4,3.5,13.1,1.5
545,안산,2021-03-07,5.1,-.6,11.5,1.3
545,안산,2021-03-08,3.7,-2.7,12.9,.6
545,안산,2021-03-09,3.7,-3.4,12.1,.7
545,안산,2021-03-10,5.4,-3.1,16.8,.6
545,안산,2021-03-11,6.4,-2.6,16.9,.5
545,안산,2021-03-12,9.1,5.3,13.7,.9
545,안산,2021-03-13,6.8,-.6,15,.9
545,안산,2021-03-14,5.4,-.8,13.3,.6
545,안산,2021-03-15,8.8,-.7,16.7,.7
545,안산,2021-03-16,6.7,1.6,12.6,1.5
545,안산,2021-03-17,4.8,-2.9,15.9,.8
545,안산,2021-03-18,7.9,-1.6,18.3,.7
545,안산,2021-03-19,12,6.7,19.9,.9
545,안산,2021-03-20,8.3,5.9,12.1,.9
545,안산,2021-03-21,6.1,3.6,10.1,2
545,안산,2021-03-22,5.9,-.1,12.3,1.4
545,안산,2021-03-23,6.6,-2.1,17,1
545,안산,2021-03-24,8.1,-.1,17.3,.9
545,안산,2021-03-25,9.3,3.1,17.6,.9
545,안산,2021-03-26,9.6,4,20,.7
545,안산,2021-03-27,10.3,3.6,14.6,.8
545,안산,2021-03-28,8.8,7.4,13.1,1.6
545,안산,2021-03-29,9.2,3.2,16,1.1
545,안산,2021-03-30,7.8,-.8,18.2,.8
545,안산,2021-03-31,9.9,-1.1,22,.8
545,안산,2021-04-01,15.1,3.4,23.9,1.4
545,안산,2021-04-02,16.2,12.6,21.9,1.6
545,안산,2021-04-03,14.3,10.8,17.4,.8
545,안산,2021-04-04,11.5,5.9,18,1.3
545,안산,2021-04-05,9.5,2,18,.7
545,안산,2021-04-06,10.6,3.6,18.2,.9
545,안산,2021-04-07,10.7,2.1,19.6,.7
545,안산,2021-04-08,9.7,1.2,17.6,.8
545,안산,2021-04-09,11.1,.9,19.6,.9
545,안산,2021-04-10,10.5,3.7,17.7,1
545,안산,2021-04-11,12.3,2,21.7,.7
545,안산,2021-04-12,12.3,8.9,17.1,1
545,안산,2021-04-13,9.9,6.1,13.3,1.4
545,안산,2021-04-14,7.5,-.3,13.8,1.1
545,안산,2021-04-15,9.3,1.4,17.6,.9
545,안산,2021-04-16,9,3.3,15.2,.8
545,안산,2021-04-17,8.4,1.4,14.4,.9
545,안산,2021-04-18,9.1,3.5,14.5,1.7
545,안산,2021-04-19,9.6,.7,17.8,.9
545,안산,2021-04-20,11.6,2.8,20.4,.7
545,안산,2021-04-21,15.8,4.7,27.1,.8
545,안산,2021-04-22,19.2,12.1,27.6,1.1
545,안산,2021-04-23,19,14.2,23.1,1.5
545,안산,2021-04-24,15.8,8.4,22.6,1
545,안산,2021-04-25,15,6.3,25.6,.9
545,안산,2021-04-26,14.2,7.3,21.5,1
545,안산,2021-04-27,14,6.7,20.8,.7
545,안산,2021-04-28,13.1,9.2,19,1
545,안산,2021-04-29,13.9,7.3,20.4,.9
545,안산,2021-04-30,10.2,7.5,13.7,1.1
545,안산,2021-05-01,10.4,8.2,14.7,1.1
545,안산,2021-05-02,11.2,5.7,17.8,1.2
545,안산,2021-05-03,11.3,3.2,19.8,.7
545,안산,2021-05-04,14,7.2,17.3,.8
545,안산,2021-05-05,12.4,5.4,19,1.5
545,안산,2021-05-06,12.9,3.5,22.8,1
545,안산,2021-05-07,12.2,6.7,16.7,1.5
545,안산,2021-05-08,12.7,4.9,20.7,1.6
545,안산,2021-05-09,13.3,4.9,21.9,.9
545,안산,2021-05-10,11,5.7,13.5,.8
545,안산,2021-05-11,17,7.4,24.3,1.2
545,안산,2021-05-12,18.5,11.9,26.7,1
545,안산,2021-05-13,18.3,10.4,27.5,.7
545,안산,2021-05-14,19.5,11.6,29.5,.8
545,안산,2021-05-15,19.8,16.3,23.3,.5
545,안산,2021-05-16,18.3,14.9,20.5,.6
545,안산,2021-05-17,14.2,10.7,15.7,.5
545,안산,2021-05-18,15.6,9.8,23.7,.7
545,안산,2021-05-19,16.5,7.4,25.1,.6
545,안산,2021-05-20,16.9,12.4,22.8,1
545,안산,2021-05-21,14.2,10.9,16.9,.8
545,안산,2021-05-22,16,9.4,23.5,.8
545,안산,2021-05-23,16.7,9,24.3,.6
545,안산,2021-05-24,16.5,10.9,23.4,1
545,안산,2021-05-25,13.9,8.5,19.2,1.1
545,안산,2021-05-26,16,7.8,23.6,1.2
545,안산,2021-05-27,14.3,9.8,19.3,.9
545,안산,2021-05-28,14.1,9.1,21,1
545,안산,2021-05-29,15.4,8.6,20.5,.8
545,안산,2021-05-30,17.3,8.2,26.3,.9
545,안산,2021-05-31,18.6,14.7,23.8,.6
545,안산,2021-06-01,19.4,14,24.9,.9
545,안산,2021-06-02,20.7,13.1,28.9,.7
545,안산,2021-06-03,17.4,13.7,22.3,.5
545,안산,2021-06-04,16.7,10.3,23.8,1.2
545,안산,2021-06-05,18.2,11.2,25.1,1.1
545,안산,2021-06-06,20.7,14.1,26.7,.9
545,안산,2021-06-07,18.9,13.7,25.2,.5
545,안산,2021-06-08,21,15.7,27.4,.8
545,안산,2021-06-09,23.2,17,31.6,.6
545,안산,2021-06-10,22.6,17.4,30.2,.8
545,안산,2021-06-11,20.5,16.7,25.3,1.2
545,안산,2021-06-12,21.7,16.6,28.5,.8
545,안산,2021-06-13,20.1,16,27.7,1
545,안산,2021-06-14,20.5,15.7,27.1,1
545,안산,2021-06-15,20.8,17.3,26.3,.7
545,안산,2021-06-16,23.5,16.3,30,1.7
545,안산,2021-06-17,20.8,18.8,23.7,.9
545,안산,2021-06-18,19.1,18.2,20.4,1
545,안산,2021-06-19,20.2,15,26.5,.8
545,안산,2021-06-20,21.4,13.1,28.9,1.2
545,안산,2021-06-21,21.5,16.2,27.8,1
545,안산,2021-06-22,22.2,15.4,28.7,.7
545,안산,2021-06-23,20.8,16.5,26.4,.9
545,안산,2021-06-24,20.8,14.6,27.7,.7
545,안산,2021-06-25,21.8,14.7,27.9,.7
545,안산,2021-06-26,21.3,17.5,27.4,.6
545,안산,2021-06-27,23,16,30.5,.7
545,안산,2021-06-28,22.7,19,29.4,.8
545,안산,2021-06-29,22.9,17.7,29,.8
545,안산,2021-06-30,22.7,17.9,28.1,.6
545,안산,2021-07-01,24.1,17.5,30.5,.6
545,안산,2021-07-02,24.6,19.3,31.7,.7
545,안산,2021-07-03,22.4,19.6,26.1,1.8
545,안산,2021-07-04,21.2,19.6,24,1.2
545,안산,2021-07-05,22.3,18.3,26.4,.6
545,안산,2021-07-06,23.6,18.2,29,.7
545,안산,2021-07-07,24.7,22.4,28.5,.6
545,안산,2021-07-08,24.3,21.4,29.8,.8
545,안산,2021-07-09,23.9,20,28.7,.8
545,안산,2021-07-10,24.8,20.6,29.6,.9
545,안산,2021-07-11,24.7,21.6,29.2,.7
545,안산,2021-07-12,25.6,20.7,32,.5
545,안산,2021-07-13,26.3,21.9,31.4,.6
545,안산,2021-07-14,27.1,22,32.5,.9
545,안산,2021-07-15,26.9,22.1,33.4,.8
545,안산,2021-07-16,26.8,20.8,33.4,.9
545,안산,2021-07-17,25.7,20.7,32.4,.8
545,안산,2021-07-18,26.8,20.8,33.1,.9
545,안산,2021-07-19,26.2,21.6,32.4,.7
545,안산,2021-07-20,26.6,21.6,32.1,.5
545,안산,2021-07-21,27.8,21.6,35.2,.7
545,안산,2021-07-22,27.7,21.3,34.9,.8
545,안산,2021-07-23,27.6,21.5,34.9,.7
545,안산,2021-07-24,27.9,22,35.8,.7
545,안산,2021-07-25,27.6,21.4,35.7,.8
545,안산,2021-07-26,27.6,21.3,35.2,.9
545,안산,2021-07-27,28.2,21.8,35.9,.8
545,안산,2021-07-28,28.3,23.1,34.4,.9
545,안산,2021-07-29,27.4,22.7,34,.7
545,안산,2021-07-30,28.6,21.7,35.7,1.1
545,안산,2021-07-31,28.2,24,34.5,1.1
545,안산,2021-08-01,25.5,23.4,28.1,.4
545,안산,2021-08-02,24.6,22,28.8,.5
545,안산,2021-08-03,25.8,21,32.4,.6
545,안산,2021-08-04,27.7,22.6,35.9,.8
545,안산,2021-08-05,,,,.8
545,안산,2021-08-06,26.7,23,34.1,1
545,안산,2021-08-07,26.3,19.9,33.3,.7
545,안산,2021-08-08,25,21,32.4,.7
545,안산,2021-08-09,26.4,20.5,34.1,.9
545,안산,2021-08-10,25.9,20.4,32.2,.9
545,안산,2021-08-11,26.2,21.1,32,.7
545,안산,2021-08-12,25.6,20.4,32.9,.5
545,안산,2021-08-13,24.9,20.1,29.9,.6
545,안산,2021-08-14,24.8,20.8,31.5,1.1
545,안산,2021-08-15,25.2,18.7,33.2,.8
545,안산,2021-08-16,25.5,20.1,33,.9
545,안산,2021-08-17,24,19.1,32.6,1.1
545,안산,2021-08-18,21.8,17.6,30.7,.9
545,안산,2021-08-19,23.4,16.1,31.1,.7
545,안산,2021-08-20,24.2,18.7,30.2,.7
545,안산,2021-08-21,22.8,20.9,27.1,1.3
545,안산,2021-08-22,23.3,19.6,27.2,.8
545,안산,2021-08-23,21.3,19.5,23.9,.8
545,안산,2021-08-24,23.8,20.8,28.1,1.6
545,안산,2021-08-25,23.5,20.6,26.4,.6
545,안산,2021-08-26,24.5,20.5,28.6,.8
545,안산,2021-08-27,21.1,18.2,24.5,.4
545,안산,2021-08-28,22,17.4,28,.6
545,안산,2021-08-29,21.5,18.5,26.2,.5
545,안산,2021-08-30,22.5,18.9,27,.3
545,안산,2021-08-31,20,18.3,23.2,.8
545,안산,2021-09-01,20.2,18.9,23.1,.7
545,안산,2021-09-02,21.8,18.9,27.1,.7
545,안산,2021-09-03,21.8,16.2,29.2,.7
545,안산,2021-09-04,20.6,14.4,28,.7
545,안산,2021-09-05,21.1,14.6,26.7,.9
545,안산,2021-09-06,20.1,16.5,25.8,1.2
545,안산,2021-09-07,20,17.3,21.9,1.1
545,안산,2021-09-08,20.6,16.2,26.9,.8
545,안산,2021-09-09,21.2,15.8,28.5,.5
545,안산,2021-09-10,21.5,16.8,28.2,.5
545,안산,2021-09-11,21.7,17,29.2,.7
545,안산,2021-09-12,21.9,16.5,29.4,.6
545,안산,2021-09-13,22.2,17,30.4,.7
545,안산,2021-09-14,21.1,15.3,28.4,.8
545,안산,2021-09-15,21.3,13.8,29.4,1.3
545,안산,2021-09-16,20,12.7,27.3,.8
545,안산,2021-09-17,21.9,15.5,28.3,1.2
545,안산,2021-09-18,20.6,13.6,28.6,.5
545,안산,2021-09-19,21.7,16.9,29,.5
545,안산,2021-09-20,21.9,14.6,28.6,1.1
545,안산,2021-09-21,21.7,19.4,26.6,1
545,안산,2021-09-22,19.8,15.9,25.6,.9
545,안산,2021-09-23,18.4,13.4,26.1,.9
545,안산,2021-09-24,18.7,12.4,27.4,.5
545,안산,2021-09-25,19.5,14.3,23.9,.6
545,안산,2021-09-26,20.3,15.8,27.9,.6
545,안산,2021-09-27,20,15.9,25,.7
545,안산,2021-09-28,20.2,18.1,23.9,.9
545,안산,2021-09-29,19.4,15.6,22,.6
545,안산,2021-09-30,18.4,13.8,26,.5
545,안산,2021-10-01,19.5,13.3,27.7,.9
545,안산,2021-10-02,18.6,14.4,26.2,.6
545,안산,2021-10-03,19.3,13.6,28.3,.7
545,안산,2021-10-04,21.8,14.1,25.8,1.2
545,안산,2021-10-05,23.6,20.9,28.3,1.4
545,안산,2021-10-06,20.3,18.2,24,1
545,안산,2021-10-07,19.1,16,23.1,.5
545,안산,2021-10-08,18.5,16,20.6,.2
545,안산,2021-10-09,20.7,17.7,27.6,.6
545,안산,2021-10-10,19.5,14.7,25.5,.9
545,안산,2021-10-11,15.3,12.3,19.4,.9
545,안산,2021-10-12,15.9,12,20,.7
545,안산,2021-10-13,16.6,10.4,24.6,.7
545,안산,2021-10-14,17.5,12.8,24.1,.4
545,안산,2021-10-15,17.9,15.5,22.2,.6
545,안산,2021-10-16,11.3,4.5,17.4,1.8
545,안산,2021-10-17,4.8,-.4,11.5,1.2
545,안산,2021-10-18,8.7,-1.2,17.1,.7
545,안산,2021-10-19,10.4,4.9,16.8,1
545,안산,2021-10-20,6.8,.4,15.9,.5
545,안산,2021-10-21,6.9,.5,16.5,.4
545,안산,2021-10-22,7.6,0,18.1,.6
545,안산,2021-10-23,7.6,.3,18.5,.4
545,안산,2021-10-24,8.4,1.5,18.2,.4
545,안산,2021-10-25,8.5,1.5,18.3,.4
545,안산,2021-10-26,9.7,2.8,19.1,.3
545,안산,2021-10-27,10.3,3.9,19.1,.8
545,안산,2021-10-28,8.7,.4,20,.4
545,안산,2021-10-29,10.8,4.2,20.1,.5
545,안산,2021-10-30,11.2,6.3,19.4,.4
545,안산,2021-10-31,11.1,4.2,19.9,.3
545,안산,2021-11-01,9.9,4.5,17.9,.4
545,안산,2021-11-02,9.1,3.9,17.5,.4
545,안산,2021-11-03,9.7,1.7,17.9,.4
545,안산,2021-11-04,8.9,4.6,16.7,.3
545,안산,2021-11-05,9.3,2.7,20.2,.3
545,안산,2021-11-06,10.7,3.6,21.7,.4
545,안산,2021-11-07,12.7,3.7,21.1,.7
545,안산,2021-11-08,8.5,4.5,14.5,1
545,안산,2021-11-09,4.7,2.9,8,.7
545,안산,2021-11-10,4.4,-1.4,8.9,1.1
545,안산,2021-11-11,5,-1.4,10.9,1.2
545,안산,2021-11-12,4.6,-1.5,10.5,1.2
545,안산,2021-11-13,5.1,-2.6,15.1,.4
545,안산,2021-11-14,8.8,2.9,18,.5
545,안산,2021-11-15,6.5,.1,16.4,.3
545,안산,2021-11-16,5.1,-1,14.4,.4
545,안산,2021-11-17,4.7,-2.6,13.3,.3
545,안산,2021-11-18,9.9,1.8,16.8,.8
545,안산,2021-11-19,10.3,5.6,17.9,.4
545,안산,2021-11-20,8.4,3.3,15.4,.3
545,안산,2021-11-21,8.4,4.1,14.2,.5
545,안산,2021-11-22,3.8,-.2,7.4,2.1
545,안산,2021-11-23,.1,-4.4,3.3,1.3
545,안산,2021-11-24,1,-5,7.5,.4
545,안산,2021-11-25,4.8,-1.5,11.4,.9
545,안산,2021-11-26,.9,-5.2,9.7,.6
545,안산,2021-11-27,-.2,-6.1,9.5,.5
545,안산,2021-11-28,1.3,-6.4,12.1,.4
545,안산,2021-11-29,3.9,-3.6,13.2,.3
545,안산,2021-11-30,5.9,1.6,8.9,2.1
545,안산,2021-12-01,-.4,-5.2,2.7,2.7
545,안산,2021-12-02,.2,-8,7,.8
545,안산,2021-12-03,2.2,-2.3,6.1,1.4
545,안산,2021-12-04,-.1,-6.9,8.2,.6
545,안산,2021-12-05,-.4,-6.9,9.9,.3
545,안산,2021-12-06,1.7,-5.9,12.6,.3
545,안산,2021-12-07,2.9,-3.7,12.8,.5
545,안산,2021-12-15,5,-.7,11.5,.5
545,안산,2021-12-16,4.1,-.1,10.7,.5
545,안산,2021-12-17,-4.4,-9.3,3.7,2.8
545,안산,2021-12-18,-5.4,-13.2,1,.7
545,안산,2021-12-19,-2.7,-9.9,4.6,.6
545,안산,2021-12-20,3.6,-4.6,11.8,.8
545,안산,2021-12-21,2.5,-3,11.2,.6
545,안산,2021-12-22,-1,-7.5,8.1,.4
545,안산,2021-12-23,-.7,-7.6,8.9,.3
545,안산,2021-12-24,-1,-6.6,3.8,1.3
545,안산,2021-12-25,-10.1,-13.4,-6.3,2
545,안산,2021-12-26,-10.4,-14.5,-5.2,1.3
545,안산,2021-12-27,-8.4,-15.6,-3.2,.5
545,안산,2021-12-28,-4.9,-11.8,1.1,.4
545,안산,2021-12-29,.2,-7.7,7.4,.9
545,안산,2021-12-30,-3.3,-9.1,.7,1.4
545,안산,2021-12-31,-5.9,-10.5,-2.2,1.7
545,안산,2022-01-01,-6.1,-14.1,2.1,.3
545,안산,2022-01-02,-2.5,-9.9,4.3,.6
545,안산,2022-01-03,-4.2,-13.9,4.2,.3
545,안산,2022-01-04,-3.2,-10.6,2.5,.8
545,안산,2022-01-05,-4.4,-12.6,2.7,.4
545,안산,2022-01-06,-5,-11.6,4.4,.7
545,안산,2022-01-07,-5.7,-12.6,4.5,.4
545,안산,2022-01-08,-2.3,-11.2,5.2,.3
545,안산,2022-01-09,-1.7,-7.7,5.7,.6
545,안산,2022-01-10,-1.5,-9.3,4.6,.4
545,안산,2022-01-11,-6.2,-10.3,.4,2.4
545,안산,2022-01-12,-7.2,-15.4,-2.2,.7
545,안산,2022-01-13,-5.1,-9.6,-1.4,2.1
545,안산,2022-01-14,-6.9,-14.7,.8,.6
545,안산,2022-01-15,-1.5,-9.2,3.6,.4
545,안산,2022-01-16,-2,-6.1,3,1.4
545,안산,2022-01-17,-5.6,-13.4,.9,1
545,안산,2022-01-18,-7.5,-14.7,.3,.6
545,안산,2022-01-19,-6.5,-12.9,-1.6,.7
545,안산,2022-01-20,-7.1,-14.7,2.1,.5
545,안산,2022-01-21,-6.4,-14.6,5.1,.4
545,안산,2022-01-22,-2.6,-10.7,6.1,.4
545,안산,2022-01-23,.3,-6.7,7.6,.8
545,안산,2022-01-24,2.4,-7.8,10.6,1.1
545,안산,2022-01-25,2.1,-1,5.6,.7
545,안산,2022-01-26,-.7,-7.4,6.7,.5
545,안산,2022-01-27,-2.3,-9,3.8,.6
545,안산,2022-01-28,-2.8,-10.9,2.9,1
545,안산,2022-01-29,-5.2,-12.1,1.9,.7
545,안산,2022-01-30,-4.3,-13.7,3.3,.8
545,안산,2022-01-31,-2.9,-13.3,5.6,.5
545,안산,2022-02-01,-.9,-4.2,2.1,1.2
545,안산,2022-02-02,-2.9,-7.6,1,.8
545,안산,2022-02-03,-4.6,-11.2,2.5,.9
545,안산,2022-02-04,-4.9,-11.7,1.2,1.4
545,안산,2022-02-05,-5.8,-10.9,.3,2
545,안산,2022-02-06,-4.6,-13.4,3,1.1
545,안산,2022-02-07,-4,-13,2.5,.5
545,안산,2022-02-08,-2.8,-9.7,6.4,.6
545,안산,2022-02-09,-2.1,-10.8,7.6,.5
545,안산,2022-02-10,-1.5,-9,7.5,.5
545,안산,2022-02-11,.2,-8.2,9.1,.5
545,안산,2022-02-12,.6,-5.8,10.1,.6
545,안산,2022-02-13,1.7,-4.8,11,.5
545,안산,2022-02-14,.5,-7,9.4,.8
545,안산,2022-02-15,-4,-7.2,-.6,2.3
545,안산,2022-02-16,-6.4,-11,-2.7,2
545,안산,2022-02-17,-6.9,-11.8,-.8,1.2
545,안산,2022-02-18,-3.6,-13.7,6.2,.6
545,안산,2022-02-19,-1.8,-6.8,4.7,1.2
545,안산,2022-02-20,-3.8,-7.6,.1,2.1
545,안산,2022-02-21,-3.2,-12.2,5.8,1.1
545,안산,2022-02-22,-3.6,-7.2,1.7,1.2
545,안산,2022-02-23,-5.1,-13.8,-.5,1.2
545,안산,2022-02-24,-4.9,-14.2,4.1,.7
545,안산,2022-02-25,.9,-9.9,10.1,.7
545,안산,2022-02-26,4.4,-3.9,9.6,1.8
545,안산,2022-02-27,2.7,-5.8,10,1.1
545,안산,2022-02-28,3,-5.5,11.8,.5
545,안산,2022-03-01,3.2,-2.6,8.3,.6
545,안산,2022-03-02,.9,-7.7,9.3,.7
545,안산,2022-03-03,2.1,-5.9,12.5,.6
545,안산,2022-03-04,5.3,-5.4,15.4,1.7
545,안산,2022-03-05,2.8,-.1,7.6,2.1
545,안산,2022-03-06,1.1,-4.5,6.4,1.4
545,안산,2022-03-07,.2,-7,8.8,.6
545,안산,2022-03-08,3.1,-5.1,12.3,.7
545,안산,2022-03-09,3.9,-2.8,13.3,.7
545,안산,2022-03-10,6,-3.1,16.3,.7
545,안산,2022-03-11,7.9,-1.6,18.9,.5
545,안산,2022-03-12,11.1,.1,20.2,1.2
545,안산,2022-03-13,10.4,6.5,14.5,.9
545,안산,2022-03-14,7.6,2.9,14.4,.8
545,안산,2022-03-15,5.1,-1.6,12.9,.8
545,안산,2022-03-16,6.6,-1.5,16,.7
545,안산,2022-03-17,10.4,5.3,15.2,1.1
545,안산,2022-03-18,8.1,6.2,10.8,2.1
545,안산,2022-03-19,2.2,-1.1,6.3,1
545,안산,2022-03-20,3.3,-2.6,9.2,.9
545,안산,2022-03-21,3.7,-4.8,9.8,.8
545,안산,2022-03-22,4.7,-3.1,11.8,1.1
545,안산,2022-03-23,4.1,.4,8.2,.5
545,안산,2022-03-24,5.8,-2,13.7,.7
545,안산,2022-03-25,11.3,1.2,18.4,1.1
545,안산,2022-03-26,9.8,5,14.1,1.5
545,안산,2022-03-27,5.7,-1.4,13.4,1.1
545,안산,2022-03-28,4.5,-4.2,14.2,.7
545,안산,2022-03-29,7,-3.1,16.5,.7
545,안산,2022-03-30,8.9,.3,15.5,.6
545,안산,2022-03-31,9.1,3.8,15.2,1.2
545,안산,2022-04-01,6.4,-.5,14.6,.7
545,안산,2022-04-02,5.3,-2.5,13.7,.9
545,안산,2022-04-03,6,-2.4,15,.8
545,안산,2022-04-04,6.9,-1.7,16.5,.7
545,안산,2022-04-05,7.5,-2.1,16.7,.7
545,안산,2022-04-06,9.3,3.7,15.4,.9
545,안산,2022-04-07,9.2,2.7,15.1,1
545,안산,2022-04-08,10,-.5,20.5,.7
545,안산,2022-04-09,13.7,5.6,23,1.3
545,안산,2022-04-10,14.5,5,24.2,.8
545,안산,2022-04-11,17.1,8.1,26,.8
545,안산,2022-04-12,16.8,12.7,24.5,1.2
545,안산,2022-04-13,11.3,9.7,13.1,1.9
545,안산,2022-04-14,10.9,7.5,16.4,1.8
545,안산,2022-04-15,9.5,2.6,16.7,.8
545,안산,2022-04-16,9.7,1.5,18.1,.9
545,안산,2022-04-17,9.7,.3,20.2,.7
545,안산,2022-04-18,11.8,5.1,20.5,.8
545,안산,2022-04-19,11,2.4,20.6,.8
545,안산,2022-04-20,11.5,2.3,21.4,.8
545,안산,2022-04-21,12.9,3.1,22.2,1.1
545,안산,2022-04-22,13.8,7,17.6,1.4
545,안산,2022-04-23,13.7,5.3,24.4,.7
545,안산,2022-04-24,16,7.8,23.3,.9
545,안산,2022-04-25,18.4,15.8,23.7,.6
545,안산,2022-04-26,18,13,23.6,1.1
545,안산,2022-04-27,14.7,8.1,20.8,1.4
545,안산,2022-04-28,14.1,6.5,23.7,.8
545,안산,2022-04-29,12.9,10,15.7,1.2
545,안산,2022-04-30,11.9,7.9,17.8,1.1
545,안산,2022-05-01,11.5,2.9,18.5,1.2
545,안산,2022-05-02,11.5,5.4,18.6,.8
545,안산,2022-05-03,11.6,3.5,20.5,.8
545,안산,2022-05-04,14.3,4.3,24,1.1
545,안산,2022-05-05,15.2,5.5,23.7,.8
545,안산,2022-05-06,17,8.6,24.2,.9
545,안산,2022-05-07,15.6,10,22,1.1
545,안산,2022-05-08,13.9,9.9,17.3,1.1
545,안산,2022-05-09,15,9,24,1.1
545,안산,2022-05-10,16.3,7.7,24.6,1
545,안산,2022-05-11,16.2,11.4,22.2,1
545,안산,2022-05-12,16.7,9.7,25.2,.9
545,안산,2022-05-13,16.8,10.3,23.4,.9
545,안산,2022-05-14,13.5,7.2,18.6,1.1
545,안산,2022-05-15,12.7,3.7,20.6,1
545,안산,2022-05-16,14.4,3.8,22.7,1.3
545,안산,2022-05-17,17.3,8.2,26.1,1.1
545,안산,2022-05-18,17.7,9.9,25.4,1.3
545,안산,2022-05-19,17.4,10.8,22.9,1.4
545,안산,2022-05-20,17.6,9.1,24.9,.8
545,안산,2022-05-21,18,14,23.3,1
545,안산,2022-05-22,18.5,14.2,24.2,1
545,안산,2022-05-23,19.8,13.4,28.2,.9
545,안산,2022-05-24,18.9,10.7,27.7,.7
545,안산,2022-05-25,18.3,11.5,24.8,.9
545,안산,2022-05-26,17.2,11.8,23,1.3
545,안산,2022-05-27,17.6,10.8,23.8,1.1
545,안산,2022-05-28,19.4,9.6,28.4,1.1
545,안산,2022-05-29,20.5,15.3,28,1
545,안산,2022-05-30,18.2,11.4,23.8,.6
545,안산,2022-05-31,16.8,7.9,26.2,.7
545,안산,2022-06-01,18.8,9.7,28.6,1
545,안산,2022-06-02,18,10,25.2,.8
545,안산,2022-06-03,21.5,14.8,29.3,.9
545,안산,2022-06-04,22.4,17.3,28.7,.6
545,안산,2022-06-05,20.2,17.7,24.4,1
545,안산,2022-06-06,18.7,14.8,24.1,1.3
545,안산,2022-06-07,18.2,10.2,25,.9
545,안산,2022-06-08,19.4,13.3,25.8,.9
545,안산,2022-06-09,19.6,14.6,26.3,.7
545,안산,2022-06-10,18.9,13.3,27.2,.8
545,안산,2022-06-11,22.8,13.6,30.9,1
545,안산,2022-06-12,22.2,15.4,29.6,1
545,안산,2022-06-13,23.8,17.6,29.9,1.2
545,안산,2022-06-14,20.2,14.7,26.9,1.7
545,안산,2022-06-15,17.3,14.4,21.8,.9
545,안산,2022-06-16,18.9,13.8,25,1
545,안산,2022-06-17,20.4,12.3,25.2,.7
545,안산,2022-06-18,21.9,18.2,26.2,.5
545,안산,2022-06-19,22,19.8,24.9,.3
545,안산,2022-06-20,23.2,18.3,28.8,.7
545,안산,2022-06-21,22.7,17.6,28.6,1.2
545,안산,2022-06-22,22.8,18.2,28.6,.8
545,안산,2022-06-23,22.5,17.4,27,1.3
545,안산,2022-06-24,22.1,18.9,25.7,1.3
545,안산,2022-06-25,25,20,30.3,1.2
545,안산,2022-06-26,25.8,23.2,29.9,1.3
545,안산,2022-06-27,26,23.4,27.7,1.4
545,안산,2022-06-28,26.7,24.5,28,2.9
545,안산,2022-06-29,24.5,23.4,26.7,2
545,안산,2022-06-30,22.9,20.8,26.3,1.2
545,안산,2022-07-01,26.2,21.4,31.2,.8
545,안산,2022-07-02,25.8,20.7,31.2,.8
545,안산,2022-07-03,26.3,20.3,32.9,.7
545,안산,2022-07-04,26.6,22.4,32.9,.7
545,안산,2022-07-05,26.4,22.3,33,.8
545,안산,2022-07-06,27.4,22.2,34.3,.7
545,안산,2022-07-07,26.8,23.6,30.8,1.3
545,안산,2022-07-08,25.8,23.4,29.5,1.1
545,안산,2022-07-09,25.1,21.9,30.3,.8
545,안산,2022-07-10,26.7,20.5,33.9,.7
545,안산,2022-07-11,25.3,22.1,30.3,.8
545,안산,2022-07-12,25.8,21.1,29.4,.7
545,안산,2022-07-13,23.8,23,25.2,.9
545,안산,2022-07-14,23.9,20.9,28.8,.9
545,안산,2022-07-15,24.3,20.8,29.6,1
545,안산,2022-07-16,24.5,20.6,29.5,1
545,안산,2022-07-17,23.8,19.9,29,.8
545,안산,2022-07-18,24.1,20.2,28.5,.6
545,안산,2022-07-19,25.1,20.5,30.8,.8
545,안산,2022-07-20,25.6,22.6,31,.7
545,안산,2022-07-21,23,20.4,27.3,1
545,안산,2022-07-22,24.6,20.7,29.3,.9
545,안산,2022-07-23,23.2,19.7,27.5,.6
545,안산,2022-07-24,24.8,21.9,29.2,.8
545,안산,2022-07-25,25.2,21,30.4,.7
545,안산,2022-07-26,26.4,20.2,33.1,.6
545,안산,2022-07-27,25.8,20.9,31.9,.6
545,안산,2022-07-28,26.9,20.6,33.4,.9
545,안산,2022-07-29,28,22.2,34.2,.7
545,안산,2022-07-30,29,22.5,34.8,1
545,안산,2022-07-31,26,24.6,27.6,.9
545,안산,2022-08-01,27.6,24.3,33.1,1.2
545,안산,2022-08-02,26.1,25,29,1.1
545,안산,2022-08-03,26.9,24.8,31.1,.9
545,안산,2022-08-04,27.5,24.5,31.9,.7
545,안산,2022-08-05,27.5,24.1,31.6,.7
545,안산,2022-08-06,27.8,24.4,32,.7
545,안산,2022-08-07,27.5,24.2,32.3,.9
545,안산,2022-08-08,26.5,23.7,29.3,1.8
545,안산,2022-08-10,22.8,20.9,26.2,.5
545,안산,2022-08-11,23.5,22.4,26.3,.5
545,안산,2022-08-12,24.6,20.2,30.8,.6
545,안산,2022-08-13,23.8,20.8,26.7,.4
545,안산,2022-08-14,26.4,22.6,31.4,.6
545,안산,2022-08-15,27.3,24.6,29.8,2.3
545,안산,2022-08-16,24.8,19.8,29.2,.8
545,안산,2022-08-17,23.7,18.9,29.8,.5
545,안산,2022-08-18,23.5,18.9,29.8,.6
545,안산,2022-08-19,24.8,19.6,27.8,.9
545,안산,2022-08-20,26.1,22.1,30.2,.8
545,안산,2022-08-21,25.9,21.2,31.9,.6
545,안산,2022-08-22,25.2,21.4,30.7,.7
545,안산,2022-08-23,23.9,17.8,30.2,.7
545,안산,2022-08-24,22.5,17.8,27.7,.7
545,안산,2022-08-25,20.1,17.8,24,.3
545,안산,2022-08-26,21.7,16.3,27.7,.7
545,안산,2022-08-27,20.6,14.1,25.6,1.2
545,안산,2022-08-28,20.1,11.6,28.4,.6
545,안산,2022-08-29,19.3,17.4,21,.6
545,안산,2022-08-30,18.7,17.2,19.8,.8
545,안산,2022-08-31,20.2,16.9,23.9,.6
545,안산,2022-09-01,22,15,30,.6
545,안산,2022-09-02,22.7,16.7,29.8,.8
545,안산,2022-09-03,22.9,16.1,29.3,1.2
545,안산,2022-09-04,22.4,20.5,25.2,1.2
545,안산,2022-09-05,18.7,17,21.8,1.5
545,안산,2022-09-06,19.3,15,26.1,1.3
545,안산,2022-09-07,19.4,13.9,27.9,.4
545,안산,2022-09-08,19.9,12.4,28.5,.5
545,안산,2022-09-09,20.5,14.3,30.3,.4
545,안산,2022-09-10,19.7,13.7,27.8,.5
545,안산,2022-09-11,20.7,17.1,25.3,.4
545,안산,2022-09-12,21.9,16.6,27.7,.5
545,안산,2022-09-13,22.2,19,26.3,.4
545,안산,2022-09-14,23,19.2,27.9,1.1
545,안산,2022-09-15,23.7,16.8,27.7,1.2
545,안산,2022-09-16,24.9,22.3,31.5,1.1
545,안산,2022-09-17,24.1,21,30,.5
545,안산,2022-09-18,25.9,20.5,32.3,.9
545,안산,2022-09-19,23.7,15.6,29.9,1.7
545,안산,2022-09-20,17.7,11.8,24.1,.9
545,안산,2022-09-21,15.6,8.4,24.5,.5
545,안산,2022-09-22,16.2,9.5,23.7,.5
545,안산,2022-09-23,15.4,10.8,22.5,1
545,안산,2022-09-24,15.8,7.3,24,.5
545,안산,2022-09-25,17.3,11.8,25.7,.4
545,안산,2022-09-26,16.8,11.6,26.1,.4
545,안산,2022-09-27,17.2,9.1,27.5,.5
545,안산,2022-09-28,17.4,11.5,25.8,.4
545,안산,2022-09-29,17.9,12.2,25.4,.5
545,안산,2022-09-30,17.1,10,27.2,.4
545,안산,2022-10-01,16.8,11.3,25.9,.3
545,안산,2022-10-02,18.3,13,24.1,.7
545,안산,2022-10-03,21.7,17.8,23.4,1.5
545,안산,2022-10-04,18.1,13.2,22.6,1.3
545,안산,2022-10-05,14.8,9.9,21.3,.6
545,안산,2022-10-06,15.3,10.8,20.5,.5
545,안산,2022-10-07,13.3,7.2,19.5,1.1
545,안산,2022-10-08,13.3,6,21.6,.6
545,안산,2022-10-09,12.3,9.8,14,.6
545,안산,2022-10-10,9.3,8.2,13.5,1.6
545,안산,2022-10-11,9.2,4,16.9,.9
545,안산,2022-10-12,10.3,2.3,20.3,.4
545,안산,2022-10-13,13.1,6.3,22.8,.4
545,안산,2022-10-14,14.2,7.3,22.9,.4
545,안산,2022-10-16,15.3,12.4,20.2,.4
545,안산,2022-10-17,10.8,2.6,15.4,1.6
545,안산,2022-10-18,6.7,-.2,14.7,.7
545,안산,2022-10-19,6.9,-.9,17.2,.4
545,안산,2022-10-20,9.4,.8,19.8,.5
545,안산,2022-10-21,10.3,2.5,20.3,.3
545,안산,2022-10-22,12.5,4.8,20.4,.5
545,안산,2022-10-23,12,5.2,19,.9
545,안산,2022-10-24,8.1,1.3,15.4,1
545,안산,2022-10-25,7.2,-.6,18.1,.4
545,안산,2022-10-26,9.2,1.7,18.4,.4
545,안산,2022-10-27,10,2,20,.5
545,안산,2022-10-28,10.5,3.8,19.6,.4
545,안산,2022-10-29,11,3.7,21.3,.4
545,안산,2022-10-30,11.2,4.3,21.1,.4
545,안산,2022-10-31,12.2,5.7,21.4,.5
545,안산,2022-11-01,10.6,3.5,19.8,.4
545,안산,2022-11-02,6.7,-.5,17.8,.4
545,안산,2022-11-03,7.9,1.4,13.7,.7
545,안산,2022-11-04,4.5,-2.4,10.4,1.3
545,안산,2022-11-05,3.2,-5,14,.4
545,안산,2022-11-06,5.9,-1.4,16.4,.4
545,안산,2022-11-07,8.2,-.3,17.3,.4
545,안산,2022-11-08,9.7,2.5,18.6,.4
545,안산,2022-11-09,7.9,.7,17.4,.3
545,안산,2022-11-10,9.3,2.1,19.4,.3
545,안산,2022-11-11,11,3.6,22.3,.5
545,안산,2022-11-12,14.2,5.3,22.4,.7
545,안산,2022-11-13,9.8,6.7,15.2,1.1
545,안산,2022-11-14,8.5,2.8,14.4,.6
545,안산,2022-11-15,5,-.8,12.8,.3
545,안산,2022-11-16,5.7,-.2,14.7,.3
545,안산,2022-11-17,7.2,.7,16.3,.4
545,안산,2022-11-18,7,-.5,18.8,.4
545,안산,2022-11-19,8.7,.3,19.3,.5
545,안산,2022-11-20,10.4,4.2,20.2,.5
545,안산,2022-11-21,8.7,2.8,18.2,.4
545,안산,2022-11-22,8.3,2.1,14.7,.2
545,안산,2022-11-23,9.3,.7,16.3,.7
545,안산,2022-11-24,6.2,.8,15.1,.3
545,안산,2022-11-25,9.8,.6,17.8,1
545,안산,2022-11-26,5.8,-1.5,13.1,1.1
545,안산,2022-11-27,3.3,-5,13.4,.5
545,안산,2022-11-28,12.4,1.3,18.5,.8
545,안산,2022-11-29,7.2,-.4,14.3,2.2
545,안산,2022-11-30,-4.2,-6.9,-.4,2.2
545,안산,2022-12-01,-5.8,-10.5,-.2,.7
545,안산,2022-12-02,-3.4,-10.7,3.1,.4
545,안산,2022-12-03,2.5,-.2,8,.9
545,안산,2022-12-04,-2.6,-5.2,0,1.2
545,안산,2022-12-05,-3.8,-8.4,3,.8
545,안산,2022-12-06,-1,-8.9,5.5,.4
545,안산,2022-12-07,1.9,-3.8,10.3,.4
545,안산,2022-12-08,-.1,-6.6,10.2,.3
545,안산,2022-12-09,1.5,-4.6,11.3,.3
545,안산,2022-12-10,-.9,-6.6,7.7,.4
545,안산,2022-12-11,-.7,-7,7.9,.6
545,안산,2022-12-12,.3,-8.3,7.2,.4
545,안산,2022-12-13,.8,-6,4.6,1.8
545,안산,2022-12-14,-8.1,-11.4,-3.4,1.3
545,안산,2022-12-15,-4.5,-10.5,.4,.7
545,안산,2022-12-16,-6.6,-14.4,-1.6,.8
545,안산,2022-12-17,-7.2,-12.9,-1.2,.8
545,안산,2022-12-18,-9.7,-16.3,-4.6,.9
545,안산,2022-12-19,-8.7,-16.2,-1,.4
545,안산,2022-12-20,-4.8,-14.2,2.8,.6
545,안산,2022-12-21,.4,-2,4,1
545,안산,2022-12-22,-6.5,-10,-1.9,2.5
545,안산,2022-12-23,-10.1,-11.9,-6.8,2.5
545,안산,2022-12-24,-9.3,-14.3,-2.8,.6
545,안산,2022-12-25,-7.7,-14.3,1.3,.4
545,안산,2022-12-26,-7.1,-12.9,1.8,.3
545,안산,2022-12-27,-5.4,-13,4.9,.3
545,안산,2022-12-28,-4.3,-10,1.8,.7
545,안산,2022-12-29,-4.9,-12.9,2.5,.4
545,안산,2022-12-30,-4.6,-10.6,3,.4
545,안산,2022-12-31,-3.8,-11.3,6,.2
